CASE_ID,ACCIDENT_YEAR,PROC_DATE,JURIS,COLLISION_DATE,COLLISION_TIME,OFFICER_ID,REPORTING_DISTRICT,DAY_OF_WEEK,CHP_SHIFT,POPULATION,CNTY_CITY_LOC,SPECIAL_COND,BEAT_TYPE,CHP_BEAT_TYPE,CITY_DIVISION_LAPD,CHP_BEAT_CLASS,BEAT_NUMBER,PRIMARY_RD,SECONDARY_RD,DISTANCE,DIRECTION,INTERSECTION,WEATHER_1,WEATHER_2,STATE_HWY_IND,CALTRANS_COUNTY,CALTRANS_DISTRICT,STATE_ROUTE,ROUTE_SUFFIX,POSTMILE_PREFIX,POSTMILE,LOCATION_TYPE,RAMP_INTERSECTION,SIDE_OF_HWY,TOW_AWAY,COLLISION_SEVERITY,NUMBER_KILLED,NUMBER_INJURED,PARTY_COUNT,PRIMARY_COLL_FACTOR,PCF_CODE_OF_VIOL,PCF_VIOL_CATEGORY,PCF_VIOLATION,PCF_VIOL_SUBSECTION,HIT_AND_RUN,TYPE_OF_COLLISION,MVIW,PED_ACTION,ROAD_SURFACE,ROAD_COND_1,ROAD_COND_2,LIGHTING,CONTROL_DEVICE,CHP_ROAD_TYPE,PEDESTRIAN_ACCIDENT,BICYCLE_ACCIDENT,MOTORCYCLE_ACCIDENT,TRUCK_ACCIDENT,NOT_PRIVATE_PROPERTY,ALCOHOL_INVOLVED,STWD_VEHTYPE_AT_FAULT,CHP_VEHTYPE_AT_FAULT,COUNT_SEVERE_INJ,COUNT_VISIBLE_INJ,COUNT_COMPLAINT_PAIN,COUNT_PED_KILLED,COUNT_PED_INJURED,COUNT_BICYCLIST_KILLED,COUNT_BICYCLIST_INJURED,COUNT_MC_KILLED,COUNT_MC_INJURED,PRIMARY_RAMP,SECONDARY_RAMP,LATITUDE,LONGITUDE,COUNTY,CITY,POINT_X,POINT_Y
9203925,2020,2021-02-05,3711,2020-12-09,1715,SD7845,,3,5,7,3711,0,0,0,,0,437,"SOUTH WOODMAN ST","S WOODMAN ST 2628",0.00,,Y,A,-,N,,,,,,,,,,N,3,0,1,2,A,-,08,38314,,M,C,G,A,A,H,-,D,D,0,,Y,,,Y,,L,04,0,1,0,0,0,0,1,0,0,"- ","- ",,,"SAN DIEGO","SAN DIEGO",,
9203990,2020,2021-02-16,3711,2020-12-06,1048,SD7956,,7,5,7,3711,0,0,0,,0,722,"TOCAYO AV","HOLLISTER ST",748.00,E,N,A,-,N,,,,,,,,,,N,3,0,1,3,A,-,17,22517,,N,A,G,A,A,H,-,A,D,0,,Y,,,Y,,A,07,0,1,0,0,0,0,1,0,0,"- ","- ",,,"SAN DIEGO","SAN DIEGO",-117.08172607421875,32.564296722412109
9207991,2020,2021-01-23,3711,2020-05-23,1146,SD7239,,6,5,7,3711,0,0,0,,0,614,"VOLTARIE ST","BACON ST",147.00,E,N,A,-,N,,,,,,,,,,N,3,0,1,2,A,-,09,21801,A,N,-,-,A,A,H,-,A,D,0,,Y,,,Y,,D,22,0,1,0,0,0,0,1,0,0,"- ","- ",,,"SAN DIEGO","SAN DIEGO",-117.2462158203125,32.751781463623047
9211198,2021,2021-03-11,3711,2021-01-07,1410,SD7862,,4,5,7,3711,0,0,0,,0,315,"MISSION CENTER RD","WESTSIDE DR",406.00,S,N,A,-,N,,,,,,,,,,N,4,0,1,2,A,-,05,21650,1,M,D,G,A,A,H,-,A,A,0,,Y,,,Y,,L,04,0,0,1,0,0,0,1,0,0,"- ","- ",,,"SAN DIEGO","SAN DIEGO",-117.15385437011719,32.775100708007812
9213870,2021,2021-03-09,3711,2021-01-12,1805,SD8377,,2,5,7,3711,0,0,0,,0,531,"PERSHING DR","REDWOOD ST",422.00,S,N,A,-,N,,,,,,,,,,N,4,0,1,2,A,-,03,22350,,N,C,G,A,B,H,-,D,D,0,,Y,,,Y,,A,01,0,0,1,0,0,0,1,0,0,"- ","- ",,,"SAN DIEGO","SAN DIEGO",-117.13532257080078,32.736083984375
9238672,2021,2021-04-20,3711,2021-03-02,0710,SD6104,,2,5,7,3711,0,0,0,,0,821,"EL CAJON BL","62ND ST",160.00,E,N,A,-,N,,,,,,,,,,N,4,0,1,2,A,-,05,21650,1,N,D,G,A,A,H,-,A,D,0,,Y,,,Y,,L,04,0,0,1,0,0,0,1,0,0,"- ","- ",,,"SAN DIEGO","SAN DIEGO",-117.06416320800781,32.763175964355469
9243009,2021,2021-04-17,3711,2021-03-25,1559,SD7748,,4,5,7,3711,0,0,0,,0,614,"CABLE ST","NARRAGANSETT AV",0.00,,Y,B,-,N,,,,,,,,,,N,4,0,1,2,A,-,12,22450,A,N,H,G,A,A,H,-,A,D,0,,Y,,,Y,,L,04,0,0,1,0,0,0,1,0,0,"- ","- ",,,"SAN DIEGO","SAN DIEGO",-117.25074005126953,32.744125366210938
9256030,2021,2021-07-22,3711,2021-06-06,1527,SD7975,,7,5,7,3711,0,0,0,,0,123,"QUIVIRA WY","QUIVIRA ACCESS",0.00,,Y,A,B,N,,,,,,,,,,N,3,0,1,2,A,-,"- ",,,N,C,E,A,A,H,-,A,A,0,,Y,,,Y,,L,04,0,1,0,0,0,0,1,0,0,"- ","- ",,,"SAN DIEGO","SAN DIEGO",-117.23271179199219,32.761692047119141
9256729,2021,2021-06-16,3711,2021-05-28,1939,SD7640,,5,5,7,3711,0,0,0,,0,625,"TAYLOR ST","JUAN ST",0.00,,Y,A,-,N,,,,,,,,,,N,4,0,1,2,A,-,11,21456,,N,H,G,A,A,H,-,C,A,0,,Y,,Y,Y,,L,04,0,0,1,0,0,0,1,0,0,"- ","- ",,,"SAN DIEGO","SAN DIEGO",-117.19860076904297,32.756778717041016
9267557,2021,2021-05-24,3711,2021-05-13,1842,SD5999,,4,5,7,3711,0,0,0,,0,440,"IMPERIAL AV","S YMCA WY",0.00,,Y,A,-,N,,,,,,,,,,N,3,0,1,1,A,-,08,22107,,N,H,A,A,A,H,-,A,A,0,,Y,,,Y,,L,04,0,1,0,0,0,0,1,0,0,"- ","- ",,,"SAN DIEGO","SAN DIEGO",,
9287039,2021,2021-08-10,3711,2021-06-29,1235,SD6863,,2,5,7,3711,0,0,0,,0,611,"ROSECRANS ST","MIDWAY DR",98.00,W,N,A,-,N,,,,,,,,,,N,3,0,1,2,A,-,08,22107,,N,B,G,A,A,H,-,A,D,0,,Y,,,Y,,A,01,0,1,0,0,0,0,1,0,0,"- ","- ",,,"SAN DIEGO","SAN DIEGO",-117.20635223388672,32.749477386474609
9298671,2021,2021-10-18,3711,2021-08-01,1440,SD7640,N,7,5,7,3711,0,0,0,,0,00N,"ROBINSON AV","10TH AV",230.00,W,N,A,-,N,,,,,,,,,,N,3,0,1,1,D,-,00,,,N,H,A,A,A,H,-,A,D,0,,Y,,,Y,,-,"- ",0,1,0,0,0,0,1,0,0,"- ","- ",,,"SAN DIEGO","SAN DIEGO",-117.156005859375,32.746528625488281
9302969,2021,2021-08-19,3711,2021-07-21,1719,SD5278,,3,5,7,3711,0,0,0,,0,233,"RANCHO PENASQUITOS BL","VIA DEL SUD",260.00,N,N,A,-,N,,,,,,,,,,N,3,0,1,1,A,-,03,22350,,N,H,-,A,A,A,-,A,D,0,,Y,,,Y,,L,04,0,1,0,0,0,0,1,0,0,"- ","- ",,,"SAN DIEGO","SAN DIEGO",-117.10871887207031,32.954113006591797
9320323,2021,2022-02-02,3711,2021-09-27,1225,SD6532,,1,5,7,3711,0,0,0,,0,722,"SUNSET AV","SUNSET AV 2500",18.00,W,N,B,-,N,,,,,,,,,,N,1,1,1,2,A,-,08,22107,,N,H,G,A,A,G,-,A,D,0,,Y,,,Y,,A,01,0,0,1,0,0,1,0,0,0,"- ","- ",,,"SAN DIEGO","SAN DIEGO",-117.18875122070312,32.751701354980469
9323622,2021,2021-09-27,3711,2021-08-29,1741,SD1074,,7,5,7,3711,0,0,0,,0,524,"11TH AV","11TH AV 1000",0.00,,Y,A,-,N,,,,,,,,,,N,3,0,1,1,A,-,03,22350,,N,E,I,A,A,A,-,A,A,0,,Y,,,Y,,L,04,0,1,0,0,0,0,1,0,0,"- ","- ",,,"SAN DIEGO","SAN DIEGO",-117.07508850097656,33.112648010253906
9344761,2021,2021-10-23,3711,2021-09-30,1006,SD7737,,4,5,7,3711,0,0,0,,0,526,"4TH AV","4TH AV 1400",10.00,W,N,A,-,N,,,,,,,,,,N,3,0,1,2,-,-,"- ",,,N,D,G,A,A,H,-,A,D,0,,Y,,,Y,,A,01,0,1,0,0,0,0,1,0,0,"- ","- ",,,"SAN DIEGO","SAN DIEGO",,
9351401,2021,2021-11-15,3711,2021-10-20,1445,SD7920,,3,5,7,3711,0,0,0,,0,621,"LINDA VISTA RD","LINDA VISTA RD 6501",0.00,,Y,A,-,N,,,,,,,,,,N,3,0,1,2,C,-,18,,,N,G,G,A,A,H,-,A,A,0,,Y,,,Y,,-,"- ",0,1,0,0,0,0,1,0,0,"- ","- ",,,"SAN DIEGO","SAN DIEGO",-117.16390228271484,32.793838500976562
9360702,2021,2021-12-23,3711,2021-11-08,1305,SD7839,,1,5,7,3711,0,0,0,,0,121,"MISSION BAY DR","MARINERS WY",0.00,,Y,A,-,N,,,,,,,,,,Y,3,0,2,3,A,-,08,22107,,F,B,G,A,A,H,-,A,A,0,,Y,,,Y,Y,A,01,0,1,1,0,0,0,2,0,0,"- ","- ",,,"SAN DIEGO","SAN DIEGO",-117.24691772460938,32.77117919921875
9367504,2021,2021-12-21,3711,2021-11-16,2246,SD7277,,2,5,7,3711,0,0,0,,0,832,"FAIRMONT AV","TALMADGE CANYON ROW",200.00,S,N,A,-,N,,,,,,,,,,N,3,0,1,2,A,-,09,21804,A,N,C,G,A,A,H,-,C,D,0,,Y,,,Y,,L,04,0,1,0,0,0,0,1,0,0,"- ","- ",,,"SAN DIEGO","SAN DIEGO",-117.09681701660156,32.766483306884766
9370079,2021,2022-01-13,3711,2021-12-07,1938,SD6513,,2,5,7,3711,0,0,0,,0,529,"1ST AV","W HAWTHORN ST",8.00,N,N,B,-,N,,,,,,,,,,N,2,0,1,1,A,-,03,22350,,N,F,A,A,A,H,-,C,-,0,,Y,,,Y,,L,04,1,0,0,0,0,0,1,0,0,"- ","- ",,,"SAN DIEGO","SAN DIEGO",-117.16389465332031,32.727180480957031
9375179,2021,2021-12-16,3711,2021-11-30,0937,SD6532,,2,5,7,3711,0,0,0,,0,613,"CATALINA BL","ORCHARD AV",0.00,,Y,A,-,N,,,,,,,,,,N,4,0,1,2,A,-,09,21802,A,N,H,G,A,A,H,-,A,A,0,,Y,,,Y,,A,01,0,0,1,0,0,0,1,0,0,"- ","- ",,,"SAN DIEGO","SAN DIEGO",-117.24237060546875,32.732513427734375
9380106,2022,2022-02-03,3711,2022-01-25,0926,SD7833,,2,5,7,3711,0,0,0,,0,111,"BEAGLE ST","ARMSTRONG ST",150.00,E,N,A,-,N,,,,,,,,,,N,3,0,1,1,A,-,08,22107,,N,H,J,A,A,D,-,A,D,0,,Y,,,Y,,L,04,0,1,0,0,0,0,1,0,0,"- ","- ",,,"SAN DIEGO","SAN DIEGO",-117.16117095947266,32.807750701904297
9382045,2022,2022-02-01,3711,2022-01-10,1705,SD5106,,1,5,7,3711,0,0,0,,0,721,"PALM AV","BEYER WAY",0.00,,Y,A,-,N,,,,,,,,,,N,4,0,1,2,D,-,00,,,N,D,G,A,A,H,-,B,D,0,,Y,,,Y,Y,-,"- ",0,0,1,0,0,0,1,0,0,"- ","- ",,,"SAN DIEGO","SAN DIEGO",-117.06201171875,32.583770751953125
9388279,2021,2022-01-18,3711,2021-12-31,1935,SD7806,,5,5,7,3711,0,0,0,,0,813,"CYPRESS AV","FLORIDA ST",12.00,E,N,B,-,N,,,,,,,,,,N,3,0,1,3,A,-,06,21750,,N,B,G,A,A,H,-,C,D,0,,Y,,,Y,,A,01,0,1,0,0,0,0,1,0,0,"- ","- ",,,"SAN DIEGO","SAN DIEGO",-117.14368438720703,32.744327545166016
9392185,2022,2022-02-04,3711,2022-01-02,1354,SD1004,,7,5,7,3711,0,0,0,,0,233,"BLACK MOUNTAIN RD","CARMEL MOUNTAIN RD",0.00,,Y,A,-,N,,,,,,,,,,N,3,0,1,2,A,-,12,21453,A,N,D,G,A,A,H,-,A,A,0,,Y,,,Y,,L,04,0,1,0,0,0,0,1,0,0,"- ","- ",,,"SAN DIEGO","SAN DIEGO",-117.12677764892578,32.963344573974609
9403788,2022,2022-03-18,3711,2022-03-02,1621,SD1442,,3,5,7,3711,0,0,0,,0,931,"SORRENTO VALLEY BL","SORRENTO VALLEY BL  6100",0.00,,Y,A,-,N,,,,,,,,,,N,3,0,1,2,A,-,08,22107,,N,C,G,A,A,H,-,A,D,0,,Y,,,Y,,A,01,0,1,0,0,0,0,1,0,0,"- ","- ",,,"SAN DIEGO","SAN DIEGO",-117.22322082519531,32.901283264160156
9406208,2022,2022-03-07,3711,2022-02-05,0902,SD7571,,6,5,7,3711,0,0,0,,0,824,"EL CAJON BL","50TH ST",0.00,,Y,A,-,N,,,,,,,,,,N,3,0,1,2,A,-,08,22107,,N,D,G,A,A,H,-,A,D,0,,Y,,,Y,,A,01,0,1,0,0,0,0,1,0,0,"- ","- ",,,"SAN DIEGO","SAN DIEGO",-117.08683013916016,32.756786346435547
9406209,2022,2022-03-02,3711,2022-02-05,0825,SD7942,,6,5,7,3711,0,0,0,,0,614,"BACON ST","VOLTAIRE ST",6.00,S,N,A,-,N,,,,,,,,,,N,4,0,1,2,A,-,12,22450,A,M,D,G,A,A,H,-,A,D,0,,Y,,,Y,,-,,0,0,1,0,0,0,1,0,0,"- ","- ",,,"SAN DIEGO","SAN DIEGO",-117.24661254882812,32.752006530761719
9410873,2021,2022-02-17,3711,2021-08-12,1755,SD5812,,4,5,7,3711,0,0,0,,0,126,"NORTH TORREY PINES RD","SALK INSTITUTE RD",0.00,,Y,A,-,N,,,,,,,,,,N,3,0,1,2,A,-,08,22107,,N,B,G,A,A,H,-,A,D,0,,Y,,,Y,,A,01,0,1,0,0,0,0,1,0,0,"- ","- ",,,"SAN DIEGO","SAN DIEGO",-117.24391937255859,32.886089324951172
9417718,2022,2022-05-10,3711,2022-04-08,0803,SD1379,,5,5,7,3711,0,0,0,,0,627,"1ST AV","UNIVERSITY AV",0.00,,Y,A,-,N,,,,,,,,,,N,4,0,1,2,A,-,09,21801,A,N,A,G,A,-,H,-,A,A,0,,Y,,,Y,,A,01,0,0,1,0,0,0,1,0,0,"- ","- ",,,"SAN DIEGO","SAN DIEGO",-117.16390228271484,32.748271942138672
9419038,2022,2022-04-04,3711,2022-03-12,0012,SD7650,,6,5,7,3711,0,0,0,,0,124,"CALLE FRESCOTA","CALLE FRESCOTA 2100",0.00,,Y,A,-,N,,,,,,,,,,N,4,0,1,2,A,-,10,21950,A,N,D,G,A,A,H,-,A,A,0,,Y,,,Y,,A,07,0,0,1,0,0,0,1,0,0,"- ","- ",,,"SAN DIEGO","SAN DIEGO",,
9438038,2022,2022-05-18,3711,2022-04-27,1330,SD1635,,3,5,7,3711,0,0,0,,0,611,"SPORTS ARENA BL","SPORTS ARENA BL 3800",0.00,,Y,A,-,N,,,,,,,,,,N,3,0,1,2,A,-,08,22107,,M,G,G,A,A,H,-,A,D,0,,Y,,,Y,,-,,0,1,0,0,0,0,1,0,0,"- ","- ",,,"SAN DIEGO","SAN DIEGO",,
9463943,2022,2022-08-24,3711,2022-08-11,1700,SD8695,,4,5,7,3711,0,0,0,,0,126,"LA JOLLA VILLAGE DR","VILLA LA JOLLA DR",0.00,,Y,A,-,N,,,,,,,,,,N,4,0,1,2,A,-,12,21453,A,N,D,G,A,A,H,-,A,A,0,,Y,,,Y,,A,01,0,0,1,0,0,0,1,0,0,"- ","- ",,,"SAN DIEGO","SAN DIEGO",-117.23390197753906,32.871780395507812
9472487,2022,2022-07-25,3711,2022-07-13,1509,SD1305,,3,5,7,3711,0,0,0,,0,521,"16TH ST","IMPERIAL AV",0.00,,N,A,-,N,,,,,,,,,,N,3,0,1,2,D,-,00,,,N,H,G,A,A,H,-,A,A,0,,Y,,,Y,Y,-,"- ",0,1,0,0,0,0,1,0,0,"- ","- ",,,"SAN DIEGO","SAN DIEGO",-117.14945220947266,32.706279754638672
9475818,2022,2022-07-18,3711,2022-06-30,1320,SD7861,,4,5,7,3711,0,0,0,,0,937,"PASEO DEL SUR","BABCOCK ST",200.00,W,N,A,-,N,,,,,,,,,,N,4,0,1,2,A,-,17,22517,,N,E,E,A,A,H,-,A,A,0,,Y,,,Y,,A,01,0,0,1,0,0,0,1,0,0,"- ","- ",,,"SAN DIEGO","SAN DIEGO",-117.13265991210938,33.019046783447266
9479030,2022,2022-08-16,3711,2022-07-23,1812,SD6334,,6,5,7,3711,0,0,0,,0,126,"LA JOLLA VILLAGE DR","VILLA LA JOLLA DR",0.00,,Y,A,-,N,,,,,,,,,,N,3,0,1,2,A,-,12,21453,A,N,B,G,A,A,H,-,A,A,0,,Y,,,Y,,A,07,0,1,0,0,0,0,1,0,0,"- ","- ",,,"SAN DIEGO","SAN DIEGO",-117.23390197753906,32.871780395507812
9480915,2022,2022-07-29,3711,2022-07-11,2035,SD7299,,1,5,7,3711,0,0,0,,0,614,"SARATOGA AV","SUNSET CLIFFS BL",0.00,,Y,A,-,N,,,,,,,,,,N,4,0,1,2,B,-,22,,,N,D,G,A,A,H,-,C,A,0,,Y,,,Y,,L,04,0,0,1,0,0,0,1,0,0,"- ","- ",,,"SAN DIEGO","SAN DIEGO",-117.24614715576172,32.746429443359375
9480921,2022,2022-07-29,3711,2022-07-18,1605,SD7695,,1,5,7,3711,0,0,0,,0,518,"FERN ST",BEECH,0.00,,Y,A,-,N,,,,,,,,,,N,3,0,1,2,A,-,08,38314,,M,B,G,A,A,H,-,A,A,0,,Y,,,Y,,-,,0,1,0,0,0,0,1,0,0,"- ","- ",,,"SAN DIEGO","SAN DIEGO",-117.12934112548828,32.721309661865234
9482463,2022,2022-07-26,3711,2022-07-16,0940,SD1172,,6,5,7,3711,0,0,0,,0,937,"CAMINO DEL SUR","VIA AZUL",50.00,N,N,A,-,N,,,,,,,,,,N,3,0,1,1,A,-,03,22350,,N,E,J,A,A,G,-,A,D,0,,Y,,,Y,,L,04,0,1,0,0,0,0,1,0,0,"- ","- ",,,"SAN DIEGO","SAN DIEGO",-117.15823364257812,32.993904113769531
9486234,2022,2022-09-22,3711,2022-09-02,1735,SD1641,,5,5,7,3711,0,0,0,,0,122,"MISSION BL","GRAND AV",0.00,,Y,A,-,N,,,,,,,,,,N,3,0,2,2,B,-,22,,,N,C,G,A,A,H,-,A,D,0,,Y,,,Y,,L,04,0,2,0,0,0,0,2,0,0,"- ","- ",,,"SAN DIEGO","SAN DIEGO",-117.25492095947266,32.794712066650391
9490315,2022,2022-08-29,3711,2022-07-29,1726,SD1714,,5,5,7,3711,0,0,0,,0,529,"5TH AV",SPRUCE,81.00,S,N,A,-,N,,,,,,,,,,N,3,0,1,1,A,-,08,22107,,N,E,I,A,A,H,-,A,D,0,,Y,,,Y,,L,04,0,1,0,0,0,0,1,0,0,"- ","- ",,,"SAN DIEGO","SAN DIEGO",-117.16036224365234,32.738479614257812
9491541,2022,2022-09-15,3711,2022-08-12,1317,SD5561,,5,5,7,3711,0,0,0,,0,932,"SORRENTO VALLEY RD","SORRENTO VALLEY RD 11600",0.00,,N,A,-,N,,,,,,,,,,N,2,0,1,2,A,-,03,22350,,N,C,G,A,A,H,-,A,D,0,,Y,,,Y,,L,04,1,0,0,0,0,0,1,0,0,"- ","- ",,,"SAN DIEGO","SAN DIEGO",-117.22322082519531,32.901283264160156
9492026,2022,2022-09-09,3711,2022-08-27,0825,SD7779,,6,5,7,3711,0,0,0,,0,325,"NAVAJO RD","PARK RIDGE BL",1912.00,W,N,A,-,N,,,,,,,,,,N,3,0,1,1,C,-,18,,,N,E,I,A,A,A,B,A,D,0,,Y,,,Y,,-,"- ",0,1,0,0,0,0,1,0,0,"- ","- ",,,"SAN DIEGO","SAN DIEGO",-117.04902648925781,32.80224609375
9493518,2022,2022-10-12,3711,2022-08-31,0845,SD1448,,3,5,7,3711,0,0,0,,0,511,"CESAR CHAVEZ","CESAR CHAVEZ  PKWY 1000",0.00,,N,A,-,N,,,,,,,,,,N,4,0,1,2,A,-,09,21801,A,N,D,B,A,A,H,-,A,A,0,,Y,,,Y,,-,,0,0,1,0,0,0,1,0,0,"- ","- ",,,"SAN DIEGO","SAN DIEGO",,
9493962,2022,2022-09-30,3711,2022-09-14,1309,SD7237,,3,5,7,3711,0,0,0,,0,122,"GRAND AV","KENDALL ST",167.00,W,N,A,-,N,,,,,,,,,,N,3,0,1,3,A,-,08,22107,,N,B,G,A,A,H,-,A,D,0,,Y,,,Y,,-,,0,1,0,0,0,0,1,0,0,"- ","- ",,,"SAN DIEGO","SAN DIEGO",-117.23711395263672,32.798622131347656
9497214,2022,2022-09-14,3711,2022-08-29,1426,SD7708,,1,5,7,3711,0,0,0,,0,611,"ROSECRANS ST","MOORE ST",0.00,,Y,A,-,N,,,,,,,,,,N,3,0,1,2,A,-,"- ",,,N,A,G,A,A,H,-,A,B,0,,Y,,,Y,,L,04,0,1,0,0,0,0,1,0,0,"- ","- ",,,"SAN DIEGO","SAN DIEGO",-117.20253753662109,32.753852844238281
9498410,2022,2022-10-20,3711,2022-09-27,1500,SD1666,,2,5,7,3711,0,0,0,,0,115,"REGENTS RD","GOVERNER DR",0.00,,Y,-,-,N,,,,,,,,,,N,3,0,1,2,A,-,08,22107,,N,H,G,A,-,-,-,-,-,0,,Y,,,Y,,-,,0,1,0,0,0,0,1,0,0,"- ","- ",,,"SAN DIEGO","SAN DIEGO",-117.21681976318359,32.851539611816406
9499854,2022,2022-12-13,3711,2022-11-02,0940,SD7829,,3,5,7,3711,0,0,0,,0,312,"AERO DR","GURNARD ST",0.00,,Y,B,C,N,,,,,,,,,,N,4,0,1,2,A,-,09,21802,A,N,D,G,A,B,H,-,A,D,0,,Y,,,Y,,L,04,0,0,1,0,0,0,1,0,0,"- ","- ",,,"SAN DIEGO","SAN DIEGO",-117.10655975341797,32.809741973876953
9501747,2022,2022-10-27,3711,2022-10-07,2318,SD8404,,5,5,7,3711,0,0,0,,0,614,"VOLTAIRE ST","SUNSET CLIFFS BL",135.00,E,N,B,-,N,,,,,,,,,,N,2,0,1,2,A,-,21,22106,,N,D,G,A,A,H,-,C,D,0,,Y,,,Y,,A,07,1,0,0,0,0,0,1,0,0,"- ","- ",,,"SAN DIEGO","SAN DIEGO",-117.2427978515625,32.749691009521484
9530622,2022,2022-12-13,3711,2022-10-29,0430,SD8404,,6,5,7,3711,0,0,0,,0,628,"PACIFIC HWY","PACIFIC HWY 3605",0.00,,-,B,-,N,,,,,,,,,,N,3,0,1,2,A,-,05,21202,A,N,E,G,A,A,H,-,D,D,0,,Y,,,Y,,L,04,0,1,0,0,0,0,1,0,0,"- ","- ",,,"SAN DIEGO","SAN DIEGO",-117.18054962158203,32.738903045654297
9530624,2022,2022-12-13,3711,2022-10-31,1340,SD5939,,1,5,7,3711,0,0,0,,0,611,"MIDWAY DR","MIDWAY DR 3000",0.00,,-,-,-,N,,,,,,,,,,N,3,0,1,2,A,-,03,22350,,N,C,J,A,A,H,-,A,D,0,,Y,,,Y,,L,04,0,1,0,0,0,0,1,0,0,"- ","- ",,,"SAN DIEGO","SAN DIEGO",-117.04972076416016,33.134346008300781
9532279,2022,2022-12-13,3711,2022-11-12,1332,SD1117,,6,5,7,3711,0,0,0,,0,524,7TH,BROADWAY,145.00,S,N,A,-,N,,,,,,,,,,N,4,0,1,2,A,-,03,22350,,N,D,G,A,A,H,-,A,D,0,,Y,,,Y,,L,04,0,0,1,0,0,0,1,0,0,"- ","- ",,,"SAN DIEGO","SAN DIEGO",-117.15834045410156,32.715324401855469
8539712,2018,2018-02-02,3711,2018-01-18,1808,5672,,4,5,7,3711,0,0,0,,0,313,"RONSON RD","MERCURY ST",0.00,,Y,B,-,N,,,,,,,,,,N,3,0,1,2,A,-,09,21801,A,N,D,G,A,A,H,-,C,A,0,,Y,,,Y,,L,04,0,1,0,0,0,0,1,0,0,"- ","- ",,,"SAN DIEGO","SAN DIEGO",-117.14882659912109,32.829078674316406
8539740,2018,2018-02-02,3711,2018-01-17,1602,7319,MIDCI,3,5,7,3711,0,0,0,,0,827,"54TH ST","LEA ST",0.00,,Y,A,-,N,,,,,,,,,,N,3,0,1,1,A,-,05,21650,1,N,E,-,A,A,H,-,A,D,0,,Y,,,Y,,L,04,0,1,0,0,0,0,1,0,0,"- ","- ",,,"SAN DIEGO","SAN DIEGO",-117.07952880859375,32.745838165283203
8544445,2018,2018-02-02,3711,2018-01-19,0655,4957,,5,5,7,3711,0,0,0,,0,233,"PARK RUN RD","BRICKELLIA ST",9.00,E,N,B,-,N,,,,,,,,,,N,3,0,1,2,A,-,09,21801,A,N,H,G,A,A,H,-,A,D,0,,Y,,,Y,,-,,0,1,0,0,0,0,1,0,0,"- ","- ",,,"SAN DIEGO","SAN DIEGO",-117.13954162597656,32.952552795410156
8546220,2018,2018-02-08,3711,2018-01-26,0715,7574,"SAN D",5,5,7,3711,0,0,0,,0,614,"VOLTAIRE ST","SUNSET CLIFFS BL",5.00,N,N,A,-,N,,,,,,,,,,N,4,0,1,2,A,-,17,21451,A,N,D,G,A,A,H,-,A,A,0,,Y,,,Y,,D,22,0,0,1,0,0,0,1,0,0,"- ","- ",,,"SAN DIEGO","SAN DIEGO",-117.2431640625,32.749916076660156
8560767,2018,2018-02-27,3711,2018-01-24,1424,7163,,3,5,7,3711,0,0,0,,0,832,"FAIRMOUNT AV","UNIVERSITY AV",0.00,,Y,A,-,N,,,,,,,,,,N,2,0,1,2,D,-,00,,,N,D,G,A,A,H,-,A,A,0,,Y,,,Y,,-,"- ",1,0,0,0,0,0,1,0,0,"- ","- ",,,"SAN DIEGO","SAN DIEGO",-117.10089874267578,32.749599456787109
8579891,2018,2018-03-26,3711,2018-03-08,1637,6521,,4,5,7,3711,0,0,0,,0,242,"GOLD COAST DR","LIPSCOMB DR",0.00,,Y,A,-,N,,,,,,,,,,N,4,0,1,2,A,-,10,21950,,N,H,B,B,A,H,-,A,D,0,Y,Y,,,Y,,N,60,0,0,1,0,0,0,1,0,0,"- ","- ",,,"SAN DIEGO","SAN DIEGO",-117.13297271728516,32.905521392822266
8580309,2018,2018-03-27,3711,2018-03-05,1224,5985,,1,5,7,3711,0,0,0,,0,521,"15TH ST","ISLAND AV",0.00,,Y,A,-,N,,,,,,,,,,N,4,0,1,2,A,-,03,22350,,N,D,C,A,A,H,-,A,D,0,,Y,,,Y,,L,04,0,0,1,0,0,0,1,0,0,"- ","- ",,,"SAN DIEGO","SAN DIEGO",-117.15035247802734,32.710460662841797