CASE_ID,ACCIDENT_YEAR,PROC_DATE,JURIS,COLLISION_DATE,COLLISION_TIME,OFFICER_ID,REPORTING_DISTRICT,DAY_OF_WEEK,CHP_SHIFT,POPULATION,CNTY_CITY_LOC,SPECIAL_COND,BEAT_TYPE,CHP_BEAT_TYPE,CITY_DIVISION_LAPD,CHP_BEAT_CLASS,BEAT_NUMBER,PRIMARY_RD,SECONDARY_RD,DISTANCE,DIRECTION,INTERSECTION,WEATHER_1,WEATHER_2,STATE_HWY_IND,CALTRANS_COUNTY,CALTRANS_DISTRICT,STATE_ROUTE,ROUTE_SUFFIX,POSTMILE_PREFIX,POSTMILE,LOCATION_TYPE,RAMP_INTERSECTION,SIDE_OF_HWY,TOW_AWAY,COLLISION_SEVERITY,NUMBER_KILLED,NUMBER_INJURED,PARTY_COUNT,PRIMARY_COLL_FACTOR,PCF_CODE_OF_VIOL,PCF_VIOL_CATEGORY,PCF_VIOLATION,PCF_VIOL_SUBSECTION,HIT_AND_RUN,TYPE_OF_COLLISION,MVIW,PED_ACTION,ROAD_SURFACE,ROAD_COND_1,ROAD_COND_2,LIGHTING,CONTROL_DEVICE,CHP_ROAD_TYPE,PEDESTRIAN_ACCIDENT,BICYCLE_ACCIDENT,MOTORCYCLE_ACCIDENT,TRUCK_ACCIDENT,NOT_PRIVATE_PROPERTY,ALCOHOL_INVOLVED,STWD_VEHTYPE_AT_FAULT,CHP_VEHTYPE_AT_FAULT,COUNT_SEVERE_INJ,COUNT_VISIBLE_INJ,COUNT_COMPLAINT_PAIN,COUNT_PED_KILLED,COUNT_PED_INJURED,COUNT_BICYCLIST_KILLED,COUNT_BICYCLIST_INJURED,COUNT_MC_KILLED,COUNT_MC_INJURED,PRIMARY_RAMP,SECONDARY_RAMP,LATITUDE,LONGITUDE,COUNTY,CITY,POINT_X,POINT_Y
8580484,2018,2018-03-23,3711,2018-03-04,0806,7464,4DPD,7,5,7,3711,0,0,0,,0,838,"UNIVERSITY AV","38TH ST",17.00,E,N,A,-,N,,,,,,,,,,N,4,0,1,2,A,-,05,21650,1,N,A,G,A,A,H,-,A,D,0,,Y,,,Y,,L,04,0,0,1,0,0,0,1,0,0,"- ","- ",,,"SAN DIEGO","SAN DIEGO",-117.11183166503906,32.749698638916016
8584264,2018,2018-04-04,3711,2018-03-18,1035,6614,,7,5,7,3711,0,0,0,,0,115,"GENESEE AV","CAMPUS POINT DR",399.00,N,N,A,-,N,,,,,,,,,,N,3,0,1,1,A,-,03,22350,,N,E,I,A,A,D,-,A,D,0,,Y,,,Y,,L,04,0,1,0,0,0,0,1,0,0,"- ","- ",,,"SAN DIEGO","SAN DIEGO",-117.22114562988281,32.882865905761719
8590424,2018,2018-04-11,3711,2018-03-03,1239,7435,,6,5,7,3711,0,0,0,,0,124,"AVENIDA DE LA PLAYA","PASEO DEL OCASO",0.00,,-,A,-,N,,,,,,,,,,N,4,0,1,2,A,-,09,21801,A,N,D,G,A,A,H,-,A,A,0,,Y,,,Y,,-,,0,0,1,0,0,0,1,0,0,"- ","- ",,,"SAN DIEGO","SAN DIEGO",-117.25480651855469,32.85382080078125
8591413,2018,2018-04-11,3711,2018-03-26,0750,7280,,1,5,7,3711,0,0,0,,0,621,"ULRIC ST","TAIT ST",0.00,,Y,A,-,N,,,,,,,,,,N,3,0,1,2,A,-,10,21950,A,N,A,G,A,A,H,-,A,A,0,,Y,,,Y,,A,01,0,1,0,0,0,0,1,0,0,"- ","- ",,,"SAN DIEGO","SAN DIEGO",-117.16941070556641,32.780990600585938
8592083,2018,2018-04-19,3711,2018-03-30,1508,7341,,5,5,7,3711,0,0,0,,0,123,"FIESTA ISLAND RD","EAST MISSION BAY DR",10032.00,W,N,A,-,N,,,,,,,,,,N,4,0,1,1,A,-,08,22107,,N,F,A,A,A,H,-,A,D,0,,Y,,,Y,,L,04,0,0,1,0,0,0,1,0,0,"- ","- ",,,"SAN DIEGO","SAN DIEGO",-117.21927642822266,32.776714324951172
8594228,2018,2018-04-19,3711,2018-04-04,1140,7072,,3,5,7,3711,0,0,0,,0,124,"TORREY PINES RD","ARDATH LN",300.00,N,N,B,-,N,,,,,,,,,,N,3,0,1,2,A,-,09,21801,A,N,D,G,A,A,H,-,A,D,0,,Y,,,Y,,D,22,0,1,0,0,0,0,1,0,0,"- ","- ",,,"SAN DIEGO","SAN DIEGO",-117.24952697753906,32.850856781005859
8594357,2018,2018-04-20,3711,2018-04-09,1612,7538,,1,5,7,3711,0,0,0,,0,826,"54TH ST","UNIVERSITY AV",280.00,N,N,A,-,N,,,,,,,,,,N,3,0,1,2,A,-,08,22107,,N,B,G,A,A,H,-,A,D,0,,Y,,,Y,,A,01,0,1,0,0,0,0,1,0,0,"- ","- ",,,"SAN DIEGO","SAN DIEGO",-117.0794677734375,32.749557495117188
8605031,2018,2018-05-15,3711,2018-04-16,1117,7475,,1,5,7,3711,0,0,0,,0,451,"REDWOOD ST","E VIRGO RD",30.00,S,N,A,-,N,,,,,,,,,,N,3,0,1,1,C,-,18,,,N,F,-,A,A,H,-,A,A,0,,Y,,,Y,,-,"- ",0,1,0,0,0,0,1,0,0,"- ","- ",,,"SAN DIEGO","SAN DIEGO",-117.07552337646484,32.740158081054688
8606155,2018,2018-05-14,3711,2018-05-01,1741,7610,,2,5,7,3711,0,0,0,,0,827,"UNIVERSITY AV","52ND ST",500.00,W,N,B,-,N,,,,,,,,,,N,3,0,1,2,A,-,05,21650,1,N,D,G,A,A,H,-,A,D,0,,Y,,,Y,,L,04,0,1,0,0,0,0,1,0,0,"- ","- ",,,"SAN DIEGO","SAN DIEGO",-117.08521270751953,32.749107360839844
8608344,2018,2018-04-27,3711,2018-04-14,1503,7460,SANDI,6,5,7,3711,0,0,0,,0,613,"VOLTAIRE ST","SEASIDE ST",20.00,E,N,A,-,N,,,,,,,,,,N,4,0,1,1,A,-,03,22350,,N,F,A,A,A,H,-,A,D,0,,Y,,,Y,,L,04,0,0,1,0,0,0,1,0,0,"- ","- ",,,"SAN DIEGO","SAN DIEGO",-117.23902130126953,32.747226715087891
8610400,2018,2018-05-09,3711,2018-04-19,0828,7699,CENTR,4,5,7,3711,0,0,0,,0,521,"E ST","PARK BL",0.00,E,N,A,-,N,,,,,,,,,,N,3,0,1,1,A,-,17,21204,B,N,H,I,A,A,H,-,A,D,0,,Y,,,Y,,-,"- ",0,1,0,0,0,0,1,0,0,"- ","- ",,,"SAN DIEGO","SAN DIEGO",-117.15376281738281,32.714698791503906
8614247,2018,2018-05-01,3711,2018-04-13,0815,7704,,5,5,7,3711,0,0,0,,0,514,"30TH ST","J ST",5.00,S,N,A,-,N,,,,,,,,,,N,4,0,1,2,A,-,06,21760,C,N,H,G,A,A,A,-,A,A,0,,Y,,,Y,,-,,0,0,1,0,0,0,1,0,0,"- ","- ",,,"SAN DIEGO","SAN DIEGO",-117.13021850585938,32.709526062011719
8614576,2018,2018-04-30,3711,2018-01-21,0904,4653,,7,5,7,3711,0,0,0,,0,313,"BALBOA AV","CONVOY ST",0.00,,Y,A,-,N,,,,,,,,,,N,2,0,1,2,A,-,17,21451,A,N,D,G,A,A,H,-,A,A,0,,Y,,,Y,,A,01,1,0,0,0,0,0,1,0,0,"- ","- ",,,"SAN DIEGO","SAN DIEGO",-117.15509033203125,32.821750640869141
8615524,2018,2018-08-21,3711,2018-04-25,2010,7510,,3,5,7,3711,0,0,0,,0,936,"CAMINO DEL SUR","RT 56",0.00,,Y,A,-,Y,SD,11,56,-,-,6.337,R,4,E,N,3,0,1,2,D,-,00,,,N,D,G,A,A,H,-,C,A,0,,Y,,,Y,,-,"- ",0,1,0,0,0,0,1,0,0,"- ",EO,,,"SAN DIEGO","SAN DIEGO",-117.15007781982422,32.956466674804688
8619313,2018,2018-05-22,3711,2018-05-06,1510,7625,,7,5,7,3711,0,0,0,,0,614,"CABLE ST","DEL MONTE AV",93.00,N,N,A,-,N,,,,,,,,,,N,3,0,1,2,A,-,09,21804,A,N,D,G,A,A,H,-,A,D,0,,Y,,,Y,,L,04,0,1,0,0,0,0,1,0,0,"- ","- ",,,"SAN DIEGO","SAN DIEGO",-117.25132751464844,32.743480682373047
8621316,2018,2018-05-24,3711,2018-05-09,1907,6994,,3,5,7,3711,0,0,0,,0,447,"FEDERAL BL","49TH ST",0.00,,-,A,-,N,,,,,,,,,,N,4,0,1,2,A,-,05,21650,1,N,G,G,A,A,H,-,A,A,0,,Y,,,Y,,L,04,0,0,1,0,0,0,1,0,0,"- ","- ",,,"SAN DIEGO","SAN DIEGO",-117.08978271484375,32.721431732177734
8624234,2018,2018-05-30,3711,2018-05-02,1226,6366,,3,5,7,3711,0,0,0,,0,512,"IMPERIAL AV","S 25TH ST",260.00,E,N,B,-,N,,,,,,,,,,N,3,0,1,2,A,-,09,21804,A,N,D,G,A,A,H,-,A,D,0,,Y,,,Y,Y,J,48,0,1,0,0,0,0,1,0,0,"- ","- ",,,"SAN DIEGO","SAN DIEGO",-117.13935089111328,32.706352233886719
8625527,2018,2018-05-31,3711,2018-05-12,1847,7601,SANDI,6,5,7,3711,0,0,0,,0,627,"10TH AV","UNIVERSITY AV",22.00,S,N,B,-,N,,,,,,,,,,N,3,0,1,2,A,-,08,22107,,N,B,G,A,A,H,-,A,A,0,,Y,,,Y,,L,04,0,1,0,0,0,0,1,0,0,"- ","- ",,,"SAN DIEGO","SAN DIEGO",-117.15528106689453,32.748359680175781
8626122,2018,2018-06-04,3711,2018-05-16,0730,5611,,3,5,7,3711,0,0,0,,0,243,"MIRAMAR RD","PRODUCTION AV",47.00,E,N,B,-,N,,,,,,,,,,N,3,0,1,1,A,-,03,22350,,N,E,G,A,A,C,-,A,D,0,,Y,,,Y,,L,04,0,1,0,0,0,0,1,0,0,"- ","- ",,,"SAN DIEGO","SAN DIEGO",-117.16471862792969,32.878757476806641
8628712,2018,2018-06-13,3711,2018-05-15,1326,5937,,2,5,7,3711,0,0,0,,0,521,"IMPERIAL AV","16TH ST",6.00,N,N,A,-,N,,,,,,,,,,N,3,0,1,2,A,-,11,21950,B,M,-,G,E,A,H,-,A,A,0,Y,Y,,,Y,,N,60,0,1,0,0,0,0,1,0,0,"- ","- ",,,"SAN DIEGO","SAN DIEGO",-117.14945220947266,32.706279754638672
8632776,2018,2018-06-18,3711,2018-05-25,1850,8495,,5,5,7,3711,0,0,0,,0,514,"K ST","K ST 2500",0.00,,Y,A,-,N,,,,,,,,,,N,4,0,1,2,-,-,"- ",,,N,D,G,A,A,H,-,A,D,0,,Y,,,Y,,-,"- ",0,0,1,0,0,0,1,0,0,"- ","- ",,,"SAN DIEGO","SAN DIEGO",-117.14013577,32.708429440000003
8640829,2018,2018-06-28,3711,2018-06-13,1618,RUSTWOLD,,3,5,7,3711,0,0,0,,0,,"W G ST","UNION S T",0.00,,-,A,-,N,,,,,,,,,,N,3,0,1,2,A,-,08,22107,A,N,D,G,A,A,H,-,A,D,0,,Y,,,Y,,-,"- ",0,1,0,0,0,0,1,0,0,"- ","- ",,,"SAN DIEGO","SAN DIEGO",-117.16562988,32.712540050000001
8640991,2018,2018-07-05,3711,2018-06-08,0923,7633,,5,5,7,3711,0,0,0,,0,115,"GENESEE AV","CALGARY DR",0.00,,Y,A,-,N,,,,,,,,,,N,3,0,1,2,A,-,08,22100,A,N,-,G,A,A,H,-,A,D,0,,Y,,,Y,,-,,0,1,0,0,0,0,1,0,0,"- ","- ",,,"SAN DIEGO","SAN DIEGO",-117.20561218261719,32.858100891113281
8641652,2018,2018-06-22,3711,2018-06-02,2119,6366,,6,5,7,3711,0,0,0,,0,512,"29TH ST","L ST",0.00,,Y,A,-,N,,,,,,,,,,N,4,0,1,2,A,-,09,21802,A,N,D,G,A,A,H,-,C,D,0,,Y,,,Y,,A,01,0,0,1,0,0,0,1,0,0,"- ","- ",,,"SAN DIEGO","SAN DIEGO",-117.13208770751953,32.707439422607422
8641656,2018,2018-06-22,3711,2018-06-06,0830,6502,,3,5,7,3711,0,0,0,,0,516,"FRANKLIN AV","E EVANS ST",0.00,,Y,A,-,N,,,,,,,,,,N,3,0,1,2,A,-,12,22450,A,N,D,G,A,A,H,-,A,A,0,,Y,,,Y,,L,04,0,1,0,0,0,0,1,0,0,"- ","- ",,,"SAN DIEGO","SAN DIEGO",-117.13623046875,32.704059600830078
8643830,2018,2018-06-27,3711,2018-06-14,1830,6366,,4,5,7,3711,0,0,0,,0,313,"CLAIREMONT MESA BL","KEARNY VILLA RD",2.00,W,N,A,-,N,,,,,,,,,,N,3,0,1,1,A,-,03,22350,,N,F,I,A,A,H,-,A,D,0,,Y,,,Y,,L,04,0,1,0,0,0,0,1,0,0,"- ","- ",,,"SAN DIEGO","SAN DIEGO",-117.138427734375,32.831531524658203
8648857,2018,2018-08-13,3711,2018-06-13,2000,6432,SANDI,3,5,7,3711,0,0,0,,0,811,"ADAMS AV","34TH ST",0.00,,Y,A,-,N,,,,,,,,,,N,3,0,1,2,A,-,08,22107,,N,B,E,A,A,H,-,C,D,0,,Y,,,Y,,-,,0,1,0,0,0,0,1,0,0,"- ","- ",,,"SAN DIEGO","SAN DIEGO",-117.12065887451172,32.763370513916016
8650824,2018,2018-10-10,3711,2018-07-31,2034,5515,,2,5,7,3711,0,0,0,,0,628,"WEST WASHINGTON ST","W WASHINGTON ST 1200",0.00,,Y,A,-,N,,,,,,,,,,N,3,0,1,1,A,-,05,21650,1,N,H,J,A,A,H,-,C,D,0,,Y,,,Y,,L,04,0,1,0,0,0,0,1,0,0,"- ","- ",,,"SAN DIEGO","SAN DIEGO",-117.17284977,32.749769929999999
8659134,2018,2018-08-01,3711,2018-06-18,1647,7484,,1,5,7,3711,0,0,0,,0,523,"4TH AV","G ST",96.00,S,N,A,-,N,,,,,,,,,,N,2,0,1,2,A,-,"- ",,I,F,H,B,F,A,-,-,A,D,0,Y,Y,,,Y,,L,04,1,0,0,0,1,0,0,0,0,"- ","- ",,,"SAN DIEGO","SAN DIEGO",-117.16105651855469,32.712306976318359
8661364,2018,2018-07-17,3711,2018-07-03,1946,6458,,2,5,7,3711,0,0,0,,0,524,"B ST","8TH AV",2.00,W,N,A,-,N,,,,,,,,,,N,3,0,1,2,A,-,11,21456,C,N,D,G,A,A,H,-,A,A,0,,Y,,,Y,,L,04,0,1,0,0,0,0,1,0,0,"- ","- ",,,"SAN DIEGO","SAN DIEGO",-117.15744781494141,32.717800140380859
8664685,2018,2018-07-31,3711,2018-07-10,0756,6451,E1,2,5,7,3711,0,0,0,,0,313,"CHESAPEAKE DR","CLAIREMONT MESA BL",0.00,,-,A,-,N,,,,,,,,,,N,3,0,1,2,A,-,12,22450,A,N,D,G,A,A,H,-,A,D,0,,Y,,,Y,,D,22,0,1,0,0,0,0,1,0,0,"- ","- ",32.832500457763672,-117.12300109863281,"SAN DIEGO","SAN DIEGO",-117.12265014648438,32.832351684570312
8669301,2018,2018-08-14,3711,2018-07-14,0625,6798,,6,5,7,3711,0,0,0,,0,124,"TORREY PINES RD","IVANHOE AV",20.00,W,N,B,-,N,,,,,,,,,,N,3,0,1,2,A,-,08,22107,,N,B,G,A,A,H,-,A,A,0,,Y,,,Y,,L,04,0,1,0,0,0,0,1,0,0,"- ","- ",,,"SAN DIEGO","SAN DIEGO",-117.27101135253906,32.843780517578125
8671987,2018,2018-10-10,3711,2018-07-30,1453,7640,,1,5,7,3711,0,0,0,,0,627,"ARBOR DR","4TH AV",0.00,,Y,A,-,N,,,,,,,,,,N,4,0,1,2,A,-,03,22350,,M,C,G,A,A,H,-,A,D,0,,Y,,,Y,,-,"- ",0,0,1,0,0,0,1,0,0,"- ","- ",,,"SAN DIEGO","SAN DIEGO",-117.16136932373047,32.753791809082031
8673898,2018,2018-10-11,3711,2018-07-23,1139,7084,S1,1,5,7,3711,0,0,0,,0,713,"SIEMPRE VIVA RD","OTAY CENTER DR",0.00,,Y,A,-,N,,,,,,,,,,N,4,0,1,2,A,-,12,21453,A,N,D,G,A,A,H,-,C,A,0,,Y,,,Y,,L,04,0,0,1,0,0,0,1,0,0,"- ","- ",,,"SAN DIEGO","SAN DIEGO",-116.94242858886719,32.554061889648438
8676144,2018,2018-10-25,3711,2018-08-02,0715,6389,,4,5,7,3711,0,0,0,,0,121,"MISSION BL","EL CARMEL PL",3.00,S,N,A,-,N,,,,,,,,,,N,3,0,1,2,A,-,"- ",,,N,H,A,A,A,H,-,A,A,0,,Y,,,Y,,-,"- ",0,1,0,0,0,0,1,0,0,"- ","- ",,,"SAN DIEGO","SAN DIEGO",-117.25267791748047,32.778301239013672
8679077,2018,2018-08-30,3711,2018-07-30,1914,6366,,1,5,7,3711,0,0,0,,0,821,"69TH ST","EL CAJON BL",0.00,,Y,A,-,N,,,,,,,,,,N,3,0,1,2,A,-,12,22450,A,N,B,G,A,A,H,-,A,D,0,,Y,,,Y,,L,04,0,1,0,0,0,0,1,0,0,"- ","- ",,,"SAN DIEGO","SAN DIEGO",-117.04927062988281,32.768669128417969
8682120,2018,2018-09-17,3711,2018-08-21,1024,6418,,2,5,7,3711,0,0,0,,0,115,"GENESEE AV","CENTURION SQUARE",1031.00,S,N,A,-,N,,,,,,,,,,N,4,0,1,2,A,-,03,22350,,N,C,G,A,A,H,-,A,D,0,,Y,,,Y,,L,04,0,0,1,0,0,0,1,0,0,"- ","- ",,,"SAN DIEGO","SAN DIEGO",-117.20687002,32.859385459999999
8684859,2018,2018-10-04,3711,2018-07-28,1046,7642,,6,5,7,3711,0,0,0,,0,123,"SHORE DRIVE PKWY","SEA WORLD DR",37.00,N,N,B,-,N,,,,,,,,,,N,3,0,1,1,C,-,18,,,N,F,A,A,A,H,-,A,D,0,,Y,,,Y,,-,"- ",0,1,0,0,0,0,1,0,0,"- ","- ",,,"SAN DIEGO","SAN DIEGO",-117.21421813964844,32.761890411376953
8689179,2018,2018-11-19,3711,2018-08-14,0656,SD6774,,2,5,7,3711,0,0,0,,0,311,"FRIARS RD","RT 15",19.00,E,N,A,-,Y,SD,11,15,-,R,7.015,R,4,N,N,4,0,1,2,A,-,08,22101,D,N,D,G,A,A,H,-,A,A,0,,Y,,,Y,,A,07,0,0,1,0,0,0,1,0,0,"- ",NO,,,"SAN DIEGO","SAN DIEGO",-117.11275482177734,32.791130065917969
8693579,2018,2018-09-27,3711,2018-09-02,0535,8672,,7,5,7,3711,0,0,0,,0,622,"LINDA VISTA RD","LINDA VISTA RD 5600",0.00,,Y,A,-,N,,,,,,,,,,N,3,0,1,1,A,-,"- ",,,N,H,A,A,A,H,-,B,D,0,,Y,,,Y,,L,04,0,1,0,0,0,0,1,0,0,"- ","- ",,,"SAN DIEGO","SAN DIEGO",-117.19237803999999,32.768645620000001
8693943,2018,2018-09-20,3711,2018-08-15,0100,7425,,3,5,7,3711,0,0,0,,0,124,"VIA ALICANTE","GILMAN DR",0.00,,Y,-,-,N,,,,,,,,,,N,3,0,1,1,D,-,00,,,N,-,-,A,-,-,-,-,-,0,,Y,,,Y,Y,-,"- ",0,1,0,0,0,0,1,0,0,"- ","- ",,,"SAN DIEGO","SAN DIEGO",-117.23628997802734,32.862251281738281
8696246,2018,2018-09-13,3711,2018-08-03,0820,HB5311,,5,5,7,3711,0,0,0,,0,504,"HARBOR DR","HAWTHORN ST",82.00,S,N,A,-,N,,,,,,,,,,N,4,0,1,1,A,-,08,22107,,N,-,I,A,A,H,-,A,D,0,,Y,,,Y,,L,04,0,0,1,0,0,0,1,0,0,"- ","- ",,,"SAN DIEGO","SAN DIEGO",-117.17341613769531,32.724899291992188
8699304,2018,2018-10-12,3711,2018-09-14,1020,6594,,5,5,7,3711,0,0,0,,0,441,"OCEAN VIEW BL","SAN PASQUEL ST",45.00,W,N,A,-,N,,,,,,,,,,N,3,0,1,2,A,-,08,22107,,N,-,G,A,A,H,-,A,-,0,,Y,,,Y,,L,04,0,1,0,0,0,0,1,0,0,"- ","- ",,,"SAN DIEGO","SAN DIEGO",-117.10318756103516,32.700538635253906
8699323,2018,2019-01-10,3711,2018-09-12,1320,5877,NORTH,3,5,7,3711,0,0,0,,0,234,"POMERADO RD","HIGHLAND VALLEY RD",880.00,W,N,A,-,N,,,,,,,,,,N,3,0,1,2,B,-,22,,,M,C,G,A,A,H,-,A,D,0,,Y,,,Y,,-,99,0,1,0,0,0,0,1,0,0,"- ","- ",,,"SAN DIEGO","SAN DIEGO",-117.06906890869141,33.054710388183594
8708734,2018,2018-10-24,3711,2018-09-26,1956,7462,,3,5,7,3711,0,0,0,,0,521,"10TH AV","MARKET ST",0.00,,Y,A,-,N,,,,,,,,,,N,4,0,1,2,A,-,09,21453,B,N,G,B,A,A,H,-,C,A,0,,Y,,,Y,,A,01,0,0,1,0,0,0,1,0,0,"- ","- ",,,"SAN DIEGO","SAN DIEGO",-117.15557861328125,32.711521148681641
8710298,2018,2018-11-13,3711,2018-09-26,1427,6461,,3,5,7,3711,0,0,0,,0,124,"GILMAN DR","LA JOLLA VILLAGE DR",200.00,S,N,A,-,N,,,,,,,,,,N,3,0,1,1,D,-,00,,,N,H,A,A,A,D,-,A,D,0,,Y,,,Y,,-,"- ",0,1,0,0,0,0,1,0,0,"- ","- ",,,"SAN DIEGO","SAN DIEGO",-117.23802947998047,32.871147155761719
8710307,2018,2018-10-18,3711,2018-09-26,1558,6332,,3,5,7,3711,0,0,0,,0,827,"WINONA AV","WIGHTMAN ST",100.00,S,N,A,-,N,,,,,,,,,,N,3,0,1,1,A,-,03,22350,,N,H,-,A,A,H,-,A,D,0,,Y,,,Y,,L,04,0,1,0,0,0,0,1,0,0,"- ","- ",,,"SAN DIEGO","SAN DIEGO",-117.08799743652344,32.746974945068359
8713634,2018,2018-10-19,3711,2018-10-03,1950,7176,,3,5,7,3711,0,0,0,,0,515,"MARKET ST","25TH ST",345.00,E,N,B,-,N,,,,,,,,,,N,3,0,1,2,A,-,08,22107,,M,B,G,A,A,H,-,C,D,0,,Y,,,Y,,L,04,0,1,0,0,0,0,1,0,0,"- ","- ",,,"SAN DIEGO","SAN DIEGO",-117.13915252685547,32.711605072021484
8713700,2018,2018-10-18,3711,2018-09-22,1926,5972,,6,5,7,3711,0,0,0,,0,445,"47TH ST","C ST",192.00,S,N,A,-,N,,,,,,,,,,N,2,0,1,2,A,-,05,21651,B,F,A,G,A,A,H,-,B,D,0,,Y,,,Y,,L,04,1,0,0,0,0,0,1,0,0,"- ","- ",,,"SAN DIEGO","SAN DIEGO",-117.09357452392578,32.716224670410156
8713936,2018,2018-10-19,3711,2018-10-05,2119,7614,,5,5,7,3711,0,0,0,,0,627,"RICHMOND ST","ROBINSON ST",10.00,N,N,A,-,N,,,,,,,,,,N,3,0,1,2,A,-,08,22107,,M,A,G,A,A,H,-,C,A,0,,Y,,,Y,Y,-,,0,1,0,0,0,0,1,0,0,"- ","- ",,,"SAN DIEGO","SAN DIEGO",-117.15122222900391,32.746448516845703
8721650,2018,2018-11-05,3711,2018-10-04,1024,6620,,4,5,7,3711,0,0,0,,0,935,"CARMEL VALLEY RD","PACIFIC HIGHLANDS RANCH PKWY",0.00,,Y,A,-,N,,,,,,,,,,N,4,0,1,2,A,-,05,21650,,N,D,G,A,A,H,-,A,A,0,,Y,,,Y,,L,04,0,0,1,0,0,0,1,0,0,"- ","- ",,,"SAN DIEGO","SAN DIEGO",-117.19068908691406,32.963001251220703
8722793,2018,2018-11-02,3711,2018-10-08,1839,7690,,1,5,7,3711,0,0,0,,0,115,"PALMILLA DR","ARRIBA ST",0.00,,Y,A,-,N,,,,,,,,,,N,3,0,1,2,A,-,09,21803,,N,D,G,A,A,H,-,B,A,0,,Y,,,Y,Y,L,04,0,1,0,0,0,0,1,0,0,"- ","- ",,,"SAN DIEGO","SAN DIEGO",-117.22528076171875,32.861808776855469
8732156,2018,2019-01-11,3711,2018-10-28,1206,7752,,7,5,7,3711,0,0,0,,0,711,"MONUMENT RD","SATURN BL",1584.00,W,N,A,-,N,,,,,,,,,,N,3,0,2,2,A,-,05,21651,B,N,H,G,A,A,A,B,A,D,0,,Y,Y,,Y,,C,02,0,2,0,0,0,0,2,0,0,"- ","- ",,,"SAN DIEGO","SAN DIEGO",-117.09743679,32.545849990000001
8732779,2018,2018-11-26,3711,2018-10-31,0812,5647,,3,5,7,3711,0,0,0,,0,242,"BLACK MOUNTAIN RD","CARROLL CENTER RD",306.00,N,N,A,-,N,,,,,,,,,,N,3,0,1,2,A,-,08,22107,,N,-,G,A,A,H,-,A,D,0,,Y,,,Y,,-,,0,1,0,0,0,0,1,0,0,"- ","- ",,,"SAN DIEGO","SAN DIEGO",-117.12310028076172,32.8994140625
8734498,2018,2018-11-13,3711,2018-10-26,1713,7801,,5,5,7,3711,0,0,0,,0,447,"EUCLID AV","MARILOU RD",150.00,N,N,A,-,N,,,,,,,,,,N,3,0,1,2,A,-,09,21801,A,N,D,G,A,A,H,-,A,D,0,,Y,,,Y,,A,01,0,1,0,0,0,0,1,0,0,"- ","- ",,,"SAN DIEGO","SAN DIEGO",-117.08493041992188,32.722709655761719
8735380,2018,2018-11-21,3711,2018-11-04,2105,5292,,7,5,7,3711,0,0,0,,0,511,"NATIONAL AV","S EVANS",3.00,W,N,A,-,N,,,,,,,,,,N,3,0,1,1,A,-,03,22350,,N,E,-,A,A,D,-,C,D,0,,Y,,,Y,Y,L,04,0,1,0,0,0,0,1,0,0,"- ","- ",,,"SAN DIEGO","SAN DIEGO",-117.14179992675781,32.698375701904297
8741137,2018,2018-11-28,3711,2018-11-08,1235,6834,,4,5,7,3711,0,0,0,,0,934,"CALLE MAR DE MARTPOSA","W OCEAN AIR DR",200.00,E,N,A,-,N,,,,,,,,,,N,3,0,1,2,A,-,03,22350,,N,E,G,A,A,H,-,A,D,0,,Y,,,Y,,L,04,0,1,0,0,0,0,1,0,0,"- ","- ",,,"SAN DIEGO","SAN DIEGO",-117.22491056,32.913458370000001
8741971,2018,2018-11-29,3711,2018-11-12,0926,7396,"SAN D",1,5,7,3711,0,0,0,,0,529,"6TH AV","GRAPE ST",18.00,N,N,A,-,N,,,,,,,,,,N,3,0,1,2,A,-,03,22350,,N,C,G,A,A,H,-,A,D,0,,Y,,,Y,,L,04,0,1,0,0,0,0,1,0,0,"- ","- ",,,"SAN DIEGO","SAN DIEGO",-117.15941619873047,32.726261138916016
8747928,2018,2019-01-24,3711,2018-11-08,0730,5498,,4,5,7,3711,0,0,0,,0,512,"SOUTH 30TH ST","WEBSTER AV",151.00,S,N,A,-,N,,,,,,,,,,N,4,0,1,2,A,-,09,21804,A,N,D,G,A,A,H,-,A,D,0,,Y,,,Y,,L,04,0,0,1,0,0,0,1,0,0,"- ","- ",,,"SAN DIEGO","SAN DIEGO",-117.1295166015625,32.703887939453125
8747936,2018,2019-01-24,3711,2018-11-19,1131,7806,,1,5,7,3711,0,0,0,,0,445,"EUCLID AV","HILLTOP DR",195.00,S,N,A,-,N,,,,,,,,,,N,3,0,1,3,A,-,11,21950,B,M,H,G,A,A,H,-,A,D,0,,Y,,,Y,,L,04,0,1,0,0,0,0,1,0,0,"- ","- ",,,"SAN DIEGO","SAN DIEGO",-117.08502197265625,32.714466094970703