CASE_ID,ACCIDENT_YEAR,PROC_DATE,JURIS,COLLISION_DATE,COLLISION_TIME,OFFICER_ID,REPORTING_DISTRICT,DAY_OF_WEEK,CHP_SHIFT,POPULATION,CNTY_CITY_LOC,SPECIAL_COND,BEAT_TYPE,CHP_BEAT_TYPE,CITY_DIVISION_LAPD,CHP_BEAT_CLASS,BEAT_NUMBER,PRIMARY_RD,SECONDARY_RD,DISTANCE,DIRECTION,INTERSECTION,WEATHER_1,WEATHER_2,STATE_HWY_IND,CALTRANS_COUNTY,CALTRANS_DISTRICT,STATE_ROUTE,ROUTE_SUFFIX,POSTMILE_PREFIX,POSTMILE,LOCATION_TYPE,RAMP_INTERSECTION,SIDE_OF_HWY,TOW_AWAY,COLLISION_SEVERITY,NUMBER_KILLED,NUMBER_INJURED,PARTY_COUNT,PRIMARY_COLL_FACTOR,PCF_CODE_OF_VIOL,PCF_VIOL_CATEGORY,PCF_VIOLATION,PCF_VIOL_SUBSECTION,HIT_AND_RUN,TYPE_OF_COLLISION,MVIW,PED_ACTION,ROAD_SURFACE,ROAD_COND_1,ROAD_COND_2,LIGHTING,CONTROL_DEVICE,CHP_ROAD_TYPE,PEDESTRIAN_ACCIDENT,BICYCLE_ACCIDENT,MOTORCYCLE_ACCIDENT,TRUCK_ACCIDENT,NOT_PRIVATE_PROPERTY,ALCOHOL_INVOLVED,STWD_VEHTYPE_AT_FAULT,CHP_VEHTYPE_AT_FAULT,COUNT_SEVERE_INJ,COUNT_VISIBLE_INJ,COUNT_COMPLAINT_PAIN,COUNT_PED_KILLED,COUNT_PED_INJURED,COUNT_BICYCLIST_KILLED,COUNT_BICYCLIST_INJURED,COUNT_MC_KILLED,COUNT_MC_INJURED,PRIMARY_RAMP,SECONDARY_RAMP,LATITUDE,LONGITUDE,COUNTY,CITY,POINT_X,POINT_Y
9090523,2020,2020-06-17,3711,2020-03-27,1335,SD6917,,5,5,7,3711,0,0,0,,0,825,"MADISON AV","VAN DYKE AV",0.00,,Y,A,-,N,,,,,,,,,,N,3,0,1,1,C,-,18,,,N,E,I,A,A,H,-,A,D,0,,Y,,,Y,,-,"- ",0,1,0,0,0,0,1,0,0,"- ","- ",,,"SAN DIEGO","SAN DIEGO",-117.10240173339844,32.761100769042969
9093487,2020,2020-08-13,3711,2020-04-15,0847,SD7247,,3,5,7,3711,0,0,0,,0,932,"NORTH TORREY PINES RD","N TORREY PINES RD 12600",0.00,,-,A,-,N,,,,,,,,,,N,3,0,2,2,D,-,00,,,N,B,A,A,A,H,-,A,D,0,,Y,,,Y,,-,"- ",0,2,0,0,0,0,2,0,0,"- ","- ",32.928661346435547,-117.25916290283203,"SAN DIEGO","SAN DIEGO",,
9094275,2020,2020-07-29,3711,2020-04-18,0852,SD7989,,6,5,7,3711,0,0,0,,0,123,"CLAIREMONT DR","EAST MISSION BAY DR",0.00,,Y,B,-,N,,,,,,,,,,N,3,0,1,1,-,-,"- ",,,N,H,A,A,A,A,-,A,D,0,,Y,,,Y,,-,"- ",0,1,0,0,0,0,1,0,0,"- ","- ",,,"SAN DIEGO","SAN DIEGO",-117.20919036865234,32.790309906005859
9095300,2020,2020-07-28,3711,2020-04-15,1130,HB5404,,3,5,7,3711,0,0,0,,0,503,"NORTH HARBOR DR","WINSHIP LN",0.00,,Y,A,-,N,,,,,,,,,,N,2,0,1,2,A,-,09,21804,A,N,C,G,A,A,H,-,A,A,0,,Y,,,Y,,L,04,1,0,0,0,0,0,1,0,0,"- ","- ",,,"SAN DIEGO","SAN DIEGO",-117.19106292724609,32.729740142822266
9095602,2020,2020-07-29,3711,2020-04-20,1820,SD6867,,1,5,7,3711,0,0,0,,0,813,"POLK AV","IOWA ST",0.00,,Y,A,-,N,,,,,,,,,,N,4,0,1,2,A,-,12,22450,A,N,D,G,A,A,H,-,A,A,0,,Y,,,Y,,L,04,0,0,1,0,0,0,1,0,0,"- ","- ",,,"SAN DIEGO","SAN DIEGO",-117.12644958496094,32.752189636230469
9100410,2020,2020-07-22,3711,2020-02-05,1611,SD7390,,3,5,7,3711,0,0,0,,0,122,"GARNET AV","MISSION BL",0.00,,Y,-,-,N,,,,,,,,,,N,4,0,1,2,A,-,09,21801,A,N,-,-,A,-,-,-,-,-,0,,Y,,,Y,,A,01,0,0,1,0,0,0,1,0,0,"- ","- ",,,"SAN DIEGO","SAN DIEGO",-117.2554931640625,32.796581268310547
9101577,2020,2020-11-09,3711,2020-05-15,0756,SD76211,,5,5,7,3711,0,0,0,,0,826,"EUCLID AV","EUCLID AV  4244",7.00,E,N,A,-,N,,,,,,,,,,N,3,0,1,2,A,-,08,22107,,N,A,G,A,A,H,-,A,A,0,,Y,,,Y,,L,04,0,1,0,0,0,0,1,0,0,"- ","- ",,,"SAN DIEGO","SAN DIEGO",,
9101580,2020,2020-11-09,3711,2020-05-16,2109,SD6812,,6,5,7,3711,0,0,0,,0,122,"THOMAS AV","FANUEL ST",39.00,E,N,A,-,N,,,,,,,,,,N,4,0,1,1,A,-,03,22350,,N,H,A,A,A,H,-,D,D,0,,Y,,,Y,Y,L,04,0,0,1,0,0,0,1,0,0,"- ","- ",,,"SAN DIEGO","SAN DIEGO",-117.24533843994141,32.795696258544922
9102469,2020,2020-11-04,3711,2020-05-20,1045,SD7824,,3,5,7,3711,0,0,0,,0,124,"LA JOLLA BL","LA JOLLA BL 6700",0.00,,N,A,-,Y,,,,,,,,,,N,3,0,1,2,A,-,08,22107,,N,D,G,A,-,H,-,A,-,0,,Y,,,Y,,L,04,0,1,0,0,0,0,1,0,0,"- ","- ",,,"SAN DIEGO","SAN DIEGO",,
9104562,2020,2020-10-28,3711,2020-05-26,1550,SD7165,,2,5,7,3711,0,0,0,,0,813,"LANDIS ST","NILE ST",150.00,E,N,A,-,N,,,,,,,,,,N,3,0,1,1,D,-,00,,,N,H,A,A,A,H,-,A,D,0,,Y,,,Y,,-,"- ",0,1,0,0,0,0,1,0,0,"- ","- ",,,"SAN DIEGO","SAN DIEGO",-117.12052154541016,32.7457275390625
9104893,2020,2020-10-28,3711,2020-05-25,1840,SD5106,,1,5,7,3711,0,0,0,,0,722,"ILEX AV","SATURN BL",540.00,E,N,A,-,N,,,,,,,,,,N,4,0,1,2,A,-,03,22350,,M,D,G,A,A,H,-,A,D,0,,Y,,,Y,Y,L,04,0,0,1,0,0,0,1,0,0,"- ","- ",,,"SAN DIEGO","SAN DIEGO",-117.09100341796875,32.570045471191406
9106021,2020,2020-10-30,3711,2020-05-11,2035,SD7347,,1,5,7,3711,0,0,0,,0,524,"G ST","8TH AV",18.00,E,N,B,-,N,,,,,,,,,,N,3,0,1,2,A,-,10,21950,A,M,G,G,A,A,H,-,C,A,0,,Y,,,Y,,-,99,0,1,0,0,0,0,1,0,0,"- ","- ",,,"SAN DIEGO","SAN DIEGO",-117.1573486328125,32.712589263916016
9106233,2020,2020-10-27,3711,2020-05-28,1200,SD7976,,4,5,7,3711,0,0,0,,0,621,"COMSTOCK ST","GIFFORD WY",0.00,,Y,-,-,N,,,,,,,,,,N,2,0,1,1,D,-,00,,,N,-,-,A,-,-,-,-,-,0,,Y,,,Y,Y,-,"- ",1,0,0,0,0,0,1,0,0,"- ","- ",,,"SAN DIEGO","SAN DIEGO",-117.17337036132812,32.784130096435547
9108193,2020,2020-08-28,3711,2020-06-08,1720,SD5813,,1,5,7,3711,0,0,0,,0,111,"CHATEAU DR","BOXWOOD DR",0.00,,Y,A,-,N,,,,,,,,,,N,4,0,1,2,A,-,17,22517,,N,D,G,A,A,H,-,A,D,0,,Y,,,Y,,-,,0,0,1,0,0,0,1,0,0,"- ","- ",,,"SAN DIEGO","SAN DIEGO",-117.18742370605469,32.828739166259766
9109177,2020,2020-08-26,3711,2020-06-13,0935,SD7763,,6,5,7,3711,0,0,0,,0,112,"ARARAT DR","MOUNT BLACKBURN AV",0.00,,Y,A,-,N,,,,,,,,,,N,3,0,1,2,A,-,12,22450,A,N,D,G,A,A,H,-,A,A,0,,Y,,,Y,,L,04,0,1,0,0,0,0,1,0,0,"- ","- ",,,"SAN DIEGO","SAN DIEGO",-117.18711,32.81024
9110034,2020,2020-08-24,3711,2020-06-11,1502,SD7266,,4,5,7,3711,0,0,0,,0,621,"LINDA VISTA RD","GLIDDEN ST",0.00,,Y,A,-,N,,,,,,,,,,N,3,0,1,2,A,-,17,22109,,N,C,G,A,A,H,-,A,D,0,,Y,,,Y,,A,01,0,1,0,0,0,0,1,0,0,"- ","- ",,,"SAN DIEGO","SAN DIEGO",-117.17372894287109,32.775169372558594
91161163,2019,2020-01-07,9645,2019-12-03,1457,017104,,2,2,7,3711,0,1,3,,2,022,"SR-56 W/B TO CARMEL VALLEY ROAD","CARMEL VALLEY ROAD",6.00,E,N,B,-,Y,,,,,,,,,,N,3,0,1,2,A,-,09,21453,B,N,H,G,A,A,H,-,A,A,0,,Y,,,Y,,A,01,0,1,0,0,0,0,1,0,0,"- ","- ",32.571098327636719,-117.11399841308594,"SAN DIEGO","SAN DIEGO",,
9116616,2020,2020-09-03,3711,2020-06-30,1145,SD6881,,2,5,7,3711,0,0,0,,0,521,"G ST","17TH ST",0.00,,Y,A,-,N,,,,,,,,,,N,3,0,1,2,A,-,12,22450,A,N,D,G,A,A,H,-,A,A,0,,Y,,,Y,,L,04,0,1,0,0,0,0,1,0,0,"- ","- ",,,"SAN DIEGO","SAN DIEGO",-117.14856719970703,32.712631225585938
9117190,2020,2020-08-28,3711,2020-06-27,0628,SD7332,,6,5,7,3711,0,0,0,,0,828,"UNIVERSITY AV","ESTRELLA AV",0.00,,Y,A,-,N,,,,,,,,,,N,3,0,1,1,B,-,22,,,N,H,-,A,A,H,-,A,D,0,,Y,,,Y,,L,04,0,1,0,0,0,0,1,0,0,"- ","- ",,,"SAN DIEGO","SAN DIEGO",-117.09011840820312,32.749538421630859
9117197,2020,2020-08-28,3711,2020-06-28,1439,SD7536,,7,5,7,3711,0,0,0,,0,121,"OCEAN FRONT WALK","BRIGHTON CT",38.00,N,N,B,-,N,,,,,,,,,,N,3,0,1,2,A,-,17,21208,B,N,A,G,A,A,H,-,A,D,0,,Y,,,Y,,L,04,0,1,0,0,0,0,1,0,0,"- ","- ",,,"SAN DIEGO","SAN DIEGO",-117.25228881835938,32.763095855712891
9119097,2020,2020-09-11,3711,2020-06-30,0900,SD5531,,2,5,7,3711,0,0,0,,0,126,"NORTH TORREY PINES RD","N TORREY PINES RD 11300",0.00,,Y,A,-,N,,,,,,,,,,N,3,0,1,2,A,-,08,22107,,N,C,G,A,A,H,-,A,A,0,,Y,,,Y,,L,04,0,1,0,0,0,0,1,0,0,"- ","- ",,,"SAN DIEGO","SAN DIEGO",,
9119210,2020,2020-09-23,3711,2020-07-03,1736,SD1041,,5,5,7,3711,0,0,0,,0,122,"CHALCEDONY ST","DAWES ST",223.00,E,N,A,-,N,,,,,,,,,,N,4,0,1,2,A,-,09,21804,A,N,D,G,A,A,H,-,A,D,0,,Y,,,Y,,L,04,0,0,1,0,0,0,1,0,0,"- ","- ",,,"SAN DIEGO","SAN DIEGO",-117.25072479248047,32.80255126953125
9119213,2020,2020-09-23,3711,2020-07-02,1050,SD6774,,4,5,7,3711,0,0,0,,0,834,"THORN ST","40TH ST",159.00,E,N,A,-,N,,,,,,,,,,Y,3,0,1,2,A,-,09,21804,A,N,D,G,A,A,H,-,A,D,0,,Y,,,Y,,L,04,0,1,0,0,0,0,1,0,0,"- ","- ",,,"SAN DIEGO","SAN DIEGO",-117.10898590087891,32.740333557128906
9119981,2020,2020-09-26,3711,2020-07-09,1809,SD7399,,4,5,7,3711,0,0,0,,0,712,"EAST SAN YSIDRO BL","LOUISIANA AV",0.00,,Y,B,-,N,,,,,,,,,,N,4,0,1,2,A,-,05,21650,,N,G,G,A,A,H,-,A,D,0,,Y,,,Y,,L,04,0,0,1,0,0,0,1,0,0,"- ","- ",,,"SAN DIEGO","SAN DIEGO",-117.03758239746094,32.550559997558594
91281576,2020,2020-08-06,9645,2020-07-16,1415,018428,,4,2,7,3711,0,3,5,,2,024,"CAMINO DEL NORTE W/B","4S RANCH PARKWAY",4.00,W,N,A,-,N,,,,,,,,,,N,3,0,1,2,A,-,12,21453,A,N,D,G,A,A,H,-,A,A,0,,Y,,,Y,,A,07,0,1,0,0,0,0,1,0,0,"- ","- ",33.018428802490234,-117.11543273925781,"SAN DIEGO","SAN DIEGO",-117.11533355712891,33.018192291259766
9128971,2020,2020-09-30,3711,2020-07-04,1149,SD7904,,6,5,7,3711,0,0,0,,0,933,"DEL MAR HEIGHTS RD","DEL MAR HEIGHTS RD 3000",0.00,N,N,A,-,N,,,,,,,,,,N,3,0,1,2,A,-,22,23123,A,N,G,G,A,A,H,-,A,A,0,,Y,,,Y,,A,01,0,1,0,0,0,0,1,0,0,"- ","- ",,,"SAN DIEGO","SAN DIEGO",,
9128972,2020,2020-09-28,3711,2020-07-06,1010,SD1068,,1,5,7,3711,0,0,0,,0,522,"MARKET ST","2ND AV",90.00,W,N,A,-,N,,,,,,,,,,N,4,0,1,2,A,-,09,21804,A,M,D,G,A,A,H,-,A,A,0,,Y,,,Y,,A,01,0,0,1,0,0,0,1,0,0,"- ","- ",,,"SAN DIEGO","SAN DIEGO",-117.16316986083984,32.711509704589844
9129369,2020,2020-10-01,3711,2020-07-11,0010,SD7515,,6,5,7,3711,0,0,0,,0,121,"VENTURA PL","VENTURA PL 700",0.00,,Y,A,-,N,,,,,,,,,,N,3,0,1,2,A,-,05,21650,1,N,D,G,A,A,H,-,A,D,0,,Y,,,Y,,L,04,0,1,0,0,0,0,1,0,0,"- ","- ",,,"SAN DIEGO","SAN DIEGO",,
9131786,2020,2020-10-06,3711,2020-07-29,0817,SD7852,,3,5,7,3711,0,0,0,,0,512,"COMMERCIAL ST","22ND ST",0.00,,Y,B,-,N,,,,,,,,,,N,3,0,1,1,D,-,00,,,N,G,A,A,A,H,-,A,D,0,,Y,,,Y,,-,"- ",0,1,0,0,0,0,1,0,0,"- ","- ",,,"SAN DIEGO","SAN DIEGO",-117.14394378662109,32.705291748046875
9132005,2020,2020-09-30,3711,2020-07-22,1558,SD7297,,3,5,7,3711,0,0,0,,0,315,"FRIARS RD","RUSSELL PARK WY",0.00,,Y,A,-,N,,,,,,,,,,N,4,0,1,2,A,-,08,22107,,N,B,G,A,A,H,-,A,D,0,,Y,,,Y,,-,,0,0,1,0,0,0,1,0,0,"- ","- ",,,"SAN DIEGO","SAN DIEGO",-117.14710235595703,32.775520324707031
9133688,2020,2020-10-28,3711,2020-08-09,1529,SD4849,,7,5,7,3711,0,0,0,,0,511,"HARBOR DR","2400 HARBOR DR",0.00,,N,A,-,N,,,,,,,,,,N,3,0,1,1,A,-,03,22350,,N,H,J,A,A,H,-,A,A,0,,Y,,,Y,,L,04,0,1,0,0,0,0,1,0,0,"- ","- ",,,"SAN DIEGO","SAN DIEGO",,
9135909,2020,2020-09-03,3711,2020-04-22,1840,SD4824,,3,5,7,3711,0,0,0,,0,246,"SPRUCE RUN DR","WANNACUT PL",528.00,N,N,A,-,N,,,,,,,,,,N,3,0,1,1,A,-,03,22350,,N,H,-,A,A,H,-,A,D,0,,Y,,,Y,,L,04,0,1,0,0,0,0,1,0,0,"- ","- ",,,"SAN DIEGO","SAN DIEGO",-117.08604431152344,32.930736541748047
9135911,2020,2020-11-24,3711,2020-04-22,1442,SD7705,,3,5,7,3711,0,0,0,,0,235,"SAN PASQUAL VALLEY RD","SAN PASQUAL VALLEY RD 19066",0.00,,N,A,-,Y,SD,11,78,-,R,21.620,H,-,W,N,3,0,1,1,A,-,03,22350,,N,H,A,A,A,H,-,A,D,0,,Y,,,Y,,L,04,0,1,0,0,0,0,1,0,0,"- ","- ",,,"SAN DIEGO","SAN DIEGO",-117.03523254394531,33.102298736572266
9136596,2020,2020-10-07,3711,2020-08-03,2225,SD7327,,1,5,7,3711,0,0,0,,0,828,"UNIVERSITY AV","EUCLID AV",0.00,,Y,A,-,N,,,,,,,,,,N,4,0,1,2,A,-,12,21453,A,N,D,G,A,A,H,-,C,A,0,,Y,,,Y,,L,04,0,0,1,0,0,0,1,0,0,"- ","- ",,,"SAN DIEGO","SAN DIEGO",-117.09229278564453,32.749549865722656
9136754,2020,2020-10-23,3711,2020-08-01,1439,SD7759,,6,5,7,3711,0,0,0,,0,122,"GARNET AV","HAINES ST",0.00,,Y,A,-,N,,,,,,,,,,N,4,0,1,2,A,-,00,21456,3,N,G,G,A,A,H,-,A,A,0,,Y,,,Y,,L,04,0,0,1,0,0,0,1,0,0,"- ","- ",,,"SAN DIEGO","SAN DIEGO",-117.24270629882812,32.799388885498047
9136767,2020,2020-10-23,3711,2020-08-05,1011,5624,,3,5,7,3711,0,0,0,,0,936,"CAMINO DEL SUR","CAMINO SANTALUZ SUR",1160.00,S,N,A,-,N,,,,,,,,,,N,3,0,1,2,-,-,"- ",,,N,C,G,A,A,H,-,A,D,0,,Y,,,Y,,-,"- ",0,1,0,0,0,0,1,0,0,"- ","- ",,,"SAN DIEGO","SAN DIEGO",-117.1580810546875,32.980785369873047
9137726,2020,2020-10-10,3711,2020-08-13,1852,SD1036,,4,5,7,3711,0,0,0,,0,447,"ALTADENA AV","ALTADENA AV 1645",24.00,W,N,A,-,N,,,,,,,,,,N,4,0,1,2,B,-,22,,,N,A,G,A,A,H,-,B,D,0,,Y,,,Y,,L,04,0,0,1,0,0,0,1,0,0,"- ","- ",,,"SAN DIEGO","SAN DIEGO",,
9143648,2020,2020-10-13,3711,2020-08-25,1512,SD1111,,2,5,7,3711,0,0,0,,0,524,"A ST","5TH AV",0.00,,Y,A,-,N,,,,,,,,,,N,4,0,1,2,A,-,09,21800,A,N,D,G,A,A,H,-,A,A,0,,Y,,,Y,,L,04,0,0,1,0,0,0,1,0,0,"- ","- ",,,"SAN DIEGO","SAN DIEGO",-117.16018676757812,32.718849182128906
9146131,2020,2020-10-09,3711,2020-08-22,0050,SD7799,,6,5,7,3711,0,0,0,,0,614,"VOLTAIRE ST","BACON ST",0.00,,Y,A,-,N,,,,,,,,,,N,3,0,1,1,A,-,17,21208,B,N,H,A,A,A,H,-,C,D,0,,Y,,,Y,,L,04,0,1,0,0,0,0,1,0,0,"- ","- ",,,"SAN DIEGO","SAN DIEGO",-117.24659729003906,32.752021789550781
9146132,2020,2020-10-09,3711,2020-08-22,1025,SD7789,,6,5,7,3711,0,0,0,,0,,"CARMEL MOUNTAIN RD","STABLE VISTA WY",528.00,S,N,A,-,N,,,,,,,,,,N,3,0,1,1,A,-,03,22350,,N,H,J,A,A,H,-,A,D,0,,Y,,,Y,,L,04,0,1,0,0,0,0,1,0,0,"- ","- ",,,"SAN DIEGO","SAN DIEGO",-117.18291473388672,32.932849884033203
9146136,2020,2020-10-09,3711,2020-08-22,2153,SD1094,,6,5,7,3711,0,0,0,,0,611,"SPORTS ARENA BL","EAST DR",0.00,,Y,A,-,N,,,,,,,,,,Y,3,0,2,2,A,-,09,21804,A,N,D,G,A,A,H,-,C,A,0,,Y,,,Y,Y,L,04,0,1,1,0,0,0,1,0,0,"- ","- ",,,"SAN DIEGO","SAN DIEGO",-117.20834350585938,32.752979278564453
9147127,2020,2020-10-22,3711,2020-08-27,1812,7470,,4,5,7,3711,0,0,0,,0,123,"FIESTA ISLAND RD","EAST MISSION BAY DR",5280.00,W,N,A,-,N,,,,,,,,,,N,3,0,1,2,A,-,03,38305,,N,D,G,A,A,H,-,A,D,0,,Y,,,Y,,L,04,0,1,0,0,0,0,1,0,0,"- ","- ",,,"SAN DIEGO","SAN DIEGO",-117.22100830078125,32.7730712890625
9147138,2020,2020-10-22,3711,2020-08-29,0950,1076,,6,5,7,3711,0,0,0,,0,116,"FIESTA ISLAND RD","ERIE ST",0.00,,Y,A,-,N,,,,,,,,,,N,4,0,1,2,B,-,22,,,M,H,G,A,A,H,-,A,D,0,,Y,,,Y,Y,-,,0,0,1,0,0,0,1,0,0,"- ","- ",,,"SAN DIEGO","SAN DIEGO",,
9147151,2020,2020-10-22,3711,2020-08-26,1332,SD1105,,3,5,7,3711,0,0,0,,0,624,"ALABAMA ST","HOWARD AV",0.00,,Y,A,-,N,,,,,,,,,,N,3,0,1,2,A,-,12,22450,A,N,D,G,A,B,H,-,A,D,0,,Y,,,Y,,L,04,0,1,0,0,0,0,1,0,0,"- ","- ",,,"SAN DIEGO","SAN DIEGO",-117.14253997802734,32.754020690917969
9151516,2020,2021-01-25,3711,2020-09-06,1900,SD1066,,7,5,7,3711,0,0,0,,0,124,"LA JOLLA SHORES DR","LA JOLLA SHORES LN",34.00,N,N,A,-,N,,,,,,,,,,N,3,0,1,2,A,-,04,21703,,N,C,G,A,B,H,-,D,D,0,,Y,,,Y,,L,04,0,1,0,0,0,0,1,0,0,"- ","- ",,,"SAN DIEGO","SAN DIEGO",-117.25110626220703,32.87103271484375
9153408,2020,2020-11-07,3711,2020-09-12,0235,SD7425,,6,5,7,3711,0,0,0,,0,121,"N JETTY RD","N JETTY RD 2500",0.00,,-,A,-,N,,,,,,,,,,N,3,0,1,1,-,-,"- ",,,N,H,-,A,A,H,-,C,D,0,,Y,,,Y,Y,-,"- ",0,1,0,0,0,0,1,0,0,"- ","- ",,,"SAN DIEGO","SAN DIEGO",,
9153461,2020,2020-10-20,3711,2020-08-28,2200,SD8816,,5,5,7,3711,0,0,0,,0,121,"WEST MISSION BAY DR","MISSION BAY BL 800",0.00,,Y,A,-,N,,,,,,,,,,N,4,0,1,2,A,-,16,24002,A,N,E,J,A,A,H,-,C,A,0,,Y,,,Y,,A,01,0,0,1,0,0,0,1,0,0,"- ","- ",,,"SAN DIEGO","SAN DIEGO",,
91555312,2021,2021-08-26,9645,2021-07-07,2158,021639,,3,2,7,3711,0,1,1,,2,019,"I-15 N/B TO CARMEL MOUNTAIN RD","CARMEL MOUNTAIN ROAD",4.00,S,N,A,-,Y,,,15,,,,R,,N,N,4,0,1,2,A,-,12,21453,A,N,D,G,A,A,H,-,C,A,0,,Y,,,Y,,A,01,0,0,1,0,0,0,1,0,0,"- ","- ",32.978679656982422,-117.08534240722656,"SAN DIEGO","SAN DIEGO",-117.08534240722656,32.978679656982422
9158584,2020,2020-11-17,3711,2020-09-26,1830,SD8404,,6,5,7,3711,0,0,0,,0,613,"SUNSET CLIFFS BL","NEWPORT AV",100.00,N,N,-,-,N,,,,,,,,,,N,4,0,1,2,B,-,22,,,M,D,G,A,-,-,-,-,-,0,,Y,,,Y,,-,,0,0,1,0,0,0,1,0,0,"- ","- ",,,"SAN DIEGO","SAN DIEGO",-117.24742889404297,32.744960784912109
9159397,2020,2020-12-05,3711,2020-09-27,1230,SD7222,,7,5,7,3711,0,0,0,,0,326,"58TH ST","MADISON AV",0.00,,Y,A,-,N,,,,,,,,,,N,4,0,1,1,-,-,"- ",,,N,H,-,A,A,A,-,A,D,0,,Y,,,Y,,-,"- ",0,0,1,0,0,0,1,0,0,"- ","- ",,,"SAN DIEGO","SAN DIEGO",-117.07272338867188,32.760829925537109
9159466,2020,2020-12-23,3711,2020-10-06,1135,SD6946,,2,5,7,3711,0,0,0,,0,613,"MIDWAY DR","KEMPER ST",0.00,,Y,B,-,N,,,,,,,,,,Y,2,0,1,2,A,-,12,21453,A,F,D,G,A,A,H,-,A,A,0,,Y,,,Y,,L,04,1,0,0,0,0,0,1,0,0,"- ","- ",,,"SAN DIEGO","SAN DIEGO",-117.21515655517578,32.752128601074219
91601843,2021,2021-10-20,9645,2021-04-21,2104,015790,,3,2,7,3711,0,1,3,,2,023,"SR-163 S/B TO I-5","EL PRADO (O/C)",300.00,S,N,A,-,Y,,,163,,,,R,,S,Y,1,1,0,2,A,-,05,21202,A,N,D,G,A,A,H,-,D,D,0,,Y,,,Y,,L,04,0,0,0,0,0,1,0,0,0,"- ","- ",32.726799011230469,-117.15630340576172,"SAN DIEGO","SAN DIEGO",-117.15630340576172,32.726799011230469
9161132,2020,2020-10-09,3711,2020-09-17,1445,SD7861,,4,5,7,3711,0,0,0,,0,931,"MIRA MAR RD","NOBEL DR",0.00,,Y,A,-,N,,,,,,,,,,N,2,0,1,2,A,-,11,21456,B,N,B,G,A,A,H,-,A,A,0,,Y,,Y,Y,,L,04,1,0,0,0,0,0,1,0,0,"- ","- ",,,"SAN DIEGO","SAN DIEGO",-117.19114685058594,32.876510620117188
9162752,2020,2020-11-04,3711,2020-09-27,1356,SD5245,,7,5,7,3711,0,0,0,,0,315,"MISSION VALLEY RD","MURRAY CANYON RD",1056.00,W,N,A,-,N,,,,,,,,,,N,2,0,1,2,A,-,03,22350,,M,H,G,A,A,H,-,A,D,0,,Y,,,Y,,-,,1,0,0,0,0,0,1,0,0,"- ","- ",,,"SAN DIEGO","SAN DIEGO",-117.16101837158203,32.77789306640625
9162805,2020,2020-11-04,3711,2020-09-20,1216,SD7884,,7,5,7,3711,0,0,0,,0,934,"EAST OCEAN AIR DR","CALLE MAR DE ARMONIA",190.00,N,N,A,-,N,,,,,,,,,,N,3,0,1,1,A,-,03,22350,,N,F,A,A,A,H,-,A,D,0,,Y,,,Y,,L,04,0,1,0,0,0,0,1,0,0,"- ","- ",,,"SAN DIEGO","SAN DIEGO",-117.21680450439453,32.923210144042969
9162806,2020,2020-11-16,3711,2020-09-19,1727,SD7838,,6,5,7,3711,0,0,0,,0,124,"CHELSEA AV","MIDWAY ST",0.00,,Y,A,-,N,,,,,,,,,,N,4,0,1,2,A,-,12,22450,A,N,G,G,A,A,H,-,A,D,0,,Y,,,Y,,L,04,0,0,1,0,0,0,1,0,0,"- ","- ",,,"SAN DIEGO","SAN DIEGO",-117.26915740966797,32.812061309814453
9162820,2020,2020-11-04,3711,2020-09-26,1103,SD7975,,6,5,7,3711,0,0,0,,0,122,"LA PLAYA AV","INGRHAM ST",0.00,,Y,A,-,N,,,,,,,,,,N,3,0,1,2,A,-,04,21703,,N,E,G,A,A,H,-,A,A,0,,Y,,,Y,,L,04,0,1,0,0,0,0,1,0,0,"- ","- ",,,"SAN DIEGO","SAN DIEGO",-117.23748016357422,32.788738250732422
9163564,2020,2020-11-30,3711,2020-09-30,1705,SD6901,,3,5,7,3711,0,0,0,,0,242,GEMINI,"BLACK MOUNTAIN RD",0.00,,Y,A,-,N,,,,,,,,,,N,4,0,1,2,A,-,10,21950,A,N,H,G,A,A,H,-,B,A,0,,Y,,,Y,,-,,0,0,1,0,0,0,1,0,0,"- ","- ",,,"SAN DIEGO","SAN DIEGO",-117.12512969970703,32.9193115234375
9163834,2020,2020-12-05,3711,2020-09-24,1904,SD7620,,4,5,7,3711,0,0,0,,0,439,"DIVISION ST","PLAZA BL",0.00,,Y,-,-,N,,,,,,,,,,N,4,0,1,2,A,-,12,22450,A,N,D,G,A,A,H,-,B,A,0,,Y,,,Y,,L,04,0,0,1,0,0,0,1,0,0,"- ","- ",,,"SAN DIEGO","SAN DIEGO",-117.06305694580078,32.693378448486328
9165063,2020,2021-01-07,3711,2020-10-08,1138,SD7800,,4,5,7,3711,0,0,0,,0,712,"EAST SAN YSIDRO BL","E SAN YSIDRO BL 642",0.00,,Y,A,-,N,,,,,,,,,,N,3,0,1,2,A,-,17,22517,,N,G,G,A,A,H,-,A,D,0,,Y,,,Y,,-,,0,1,0,0,0,0,1,0,0,"- ","- ",,,"SAN DIEGO","SAN DIEGO",,