CASE_ID,ACCIDENT_YEAR,PROC_DATE,JURIS,COLLISION_DATE,COLLISION_TIME,OFFICER_ID,REPORTING_DISTRICT,DAY_OF_WEEK,CHP_SHIFT,POPULATION,CNTY_CITY_LOC,SPECIAL_COND,BEAT_TYPE,CHP_BEAT_TYPE,CITY_DIVISION_LAPD,CHP_BEAT_CLASS,BEAT_NUMBER,PRIMARY_RD,SECONDARY_RD,DISTANCE,DIRECTION,INTERSECTION,WEATHER_1,WEATHER_2,STATE_HWY_IND,CALTRANS_COUNTY,CALTRANS_DISTRICT,STATE_ROUTE,ROUTE_SUFFIX,POSTMILE_PREFIX,POSTMILE,LOCATION_TYPE,RAMP_INTERSECTION,SIDE_OF_HWY,TOW_AWAY,COLLISION_SEVERITY,NUMBER_KILLED,NUMBER_INJURED,PARTY_COUNT,PRIMARY_COLL_FACTOR,PCF_CODE_OF_VIOL,PCF_VIOL_CATEGORY,PCF_VIOLATION,PCF_VIOL_SUBSECTION,HIT_AND_RUN,TYPE_OF_COLLISION,MVIW,PED_ACTION,ROAD_SURFACE,ROAD_COND_1,ROAD_COND_2,LIGHTING,CONTROL_DEVICE,CHP_ROAD_TYPE,PEDESTRIAN_ACCIDENT,BICYCLE_ACCIDENT,MOTORCYCLE_ACCIDENT,TRUCK_ACCIDENT,NOT_PRIVATE_PROPERTY,ALCOHOL_INVOLVED,STWD_VEHTYPE_AT_FAULT,CHP_VEHTYPE_AT_FAULT,COUNT_SEVERE_INJ,COUNT_VISIBLE_INJ,COUNT_COMPLAINT_PAIN,COUNT_PED_KILLED,COUNT_PED_INJURED,COUNT_BICYCLIST_KILLED,COUNT_BICYCLIST_INJURED,COUNT_MC_KILLED,COUNT_MC_INJURED,PRIMARY_RAMP,SECONDARY_RAMP,LATITUDE,LONGITUDE,COUNTY,CITY,POINT_X,POINT_Y
9530132,2022,2022-12-16,3711,2022-12-04,1511,SD1310,,7,5,7,3711,0,0,0,,0,628,"WEST WASHINGTON ST","INDIA ST",390.00,N,N,A,-,N,,,,,,,,,,N,3,0,2,2,A,-,00,21760,,N,B,G,A,A,H,-,A,D,0,,Y,,,Y,,-,"- ",0,2,0,0,0,0,2,0,0,"- ","- ",,,"SAN DIEGO","SAN DIEGO",-117.18061828613281,32.744186401367188
9530303,2022,2022-12-13,3711,2022-11-02,1850,SD7791,,3,5,7,3711,0,0,0,,0,722,"SATURN BL","PALM AV",8.00,N,N,A,-,N,,,,,,,,,,N,4,0,1,2,A,-,08,22107,,N,D,G,A,A,H,-,C,A,0,,Y,,,Y,,A,01,0,0,1,0,0,0,1,0,0,"- ","- ",,,"SAN DIEGO","SAN DIEGO",-117.09262847900391,32.583763122558594
9530369,2022,2022-12-08,3711,2022-11-13,1622,SD7738,,7,5,7,3711,0,0,0,,0,123,"INGRAHAM ST","VACATION RD",0.00,,Y,A,-,N,,,,,,,,,,N,4,0,1,2,A,-,12,21453,A,N,D,G,A,A,H,-,A,A,0,,Y,,,Y,,L,04,0,0,1,0,0,0,1,0,0,"- ","- ",,,"SAN DIEGO","SAN DIEGO",-117.23530578613281,32.774967193603516
9530577,2022,2022-12-13,3711,2022-11-17,1350,SD1746,,4,5,7,3711,0,0,0,,0,615,"NIMITZ BL","LOCUST ST",0.00,,Y,A,-,N,,,,,,,,,,N,4,0,1,2,A,-,09,21800,A,N,B,G,A,A,H,-,A,D,0,,Y,,,Y,Y,A,01,0,0,1,0,0,0,1,0,0,"- ","- ",,,"SAN DIEGO","SAN DIEGO",-117.22685241699219,32.729148864746094
9530579,2022,2022-12-23,3711,2022-11-17,1556,SD1013,,4,5,7,3711,0,0,0,,0,114,"GENESEE AV","RT 52",0.00,,Y,A,-,Y,SD,11,52,-,-,2.013,R,4,W,N,3,0,1,2,A,-,03,22350,,N,D,G,A,A,H,-,A,D,0,,Y,,,Y,,L,04,0,1,0,0,0,0,1,0,0,"- ",WO,,,"SAN DIEGO","SAN DIEGO",-117.20779418945312,32.846473693847656
9530580,2022,2022-12-13,3711,2022-11-15,0742,SD7504,,2,5,7,3711,0,0,0,,0,934,"CARMEL COUNTRY RD","DEL MAR MESA",3.00,N,N,A,-,N,,,,,,,,,,N,3,0,1,2,A,-,09,21801,A,N,A,G,A,A,H,-,A,D,0,,Y,,,Y,,A,01,0,1,0,0,0,0,1,0,0,"- ","- ",,,"SAN DIEGO","SAN DIEGO",-117.21159362792969,32.938186645507812
9532255,2022,2022-12-13,3711,2022-11-12,2226,SD7938,,6,5,7,3711,0,0,0,,0,315,"FENTON PKWY","RIO SAN DIEGO DR",530.00,S,N,A,-,N,,,,,,,,,,N,3,0,1,1,A,-,08,38314,,N,E,I,A,A,H,-,C,D,0,,Y,,,Y,,L,04,0,1,0,0,0,0,1,0,0,"- ","- ",,,"SAN DIEGO","SAN DIEGO",-117.13063049316406,32.777957916259766
9532275,2022,2022-12-13,3711,2022-11-11,1930,SD7671,,5,5,7,3711,0,0,0,,0,833,"4TH ST","WIGHTMAN AV",0.00,,Y,A,-,N,,,,,,,,,,N,4,0,1,1,D,-,00,,,N,H,A,A,A,H,-,D,A,0,,Y,,,Y,,-,"- ",0,0,1,0,0,0,1,0,0,"- ","- ",,,"SAN DIEGO","SAN DIEGO",,
9536991,2022,2022-12-12,3711,2022-10-18,2239,SD1720,,2,5,7,3711,0,0,0,,0,531,"PARK BL","ZOO DR",0.00,,Y,A,-,N,,,,,,,,,,N,3,0,1,2,A,-,09,21453,C,N,D,C,A,A,H,-,C,A,0,,Y,,,Y,,L,04,0,1,0,0,0,0,1,0,0,"- ","- ",,,"SAN DIEGO","SAN DIEGO",-117.14740753173828,32.740219116210938
9538294,2022,2023-01-17,3711,2022-12-09,2112,HB5938,,5,5,7,3711,0,0,0,,0,550,"SCOTT ST","FENELON ST",0.00,,Y,A,-,N,,,,,,,,,,Y,2,0,1,2,A,-,01,23153,A,N,C,G,A,A,H,-,C,D,0,,Y,,,Y,Y,A,01,1,0,0,0,0,0,1,0,0,"- ","- ",,,"SAN DIEGO","SAN DIEGO",-117.22785949707031,32.724361419677734
9538341,2022,2023-02-02,3711,2022-12-26,1456,SD1041,,1,5,7,3711,0,0,0,,0,242,"MIRA MESA BL","BLACK MOUNTAIN RD",0.00,,Y,A,-,N,,,,,,,,,,N,4,0,1,2,A,-,05,21650,1,N,G,G,A,A,H,-,A,-,0,,Y,,,Y,,L,04,0,0,1,0,0,0,1,0,0,"- ","- ",,,"SAN DIEGO","SAN DIEGO",-117.12488555908203,32.917228698730469
9541029,2022,2023-01-23,3711,2022-11-23,1530,SD7335,,3,5,7,3711,0,0,0,,0,518,"GRANADA AV","DATE ST",0.00,,Y,A,-,N,,,,,,,,,,N,2,0,1,2,A,-,12,22450,A,N,D,G,A,A,H,-,A,A,0,,Y,,,Y,,L,04,1,0,0,0,0,0,1,0,0,"- ","- ",,,"SAN DIEGO","SAN DIEGO",-117.13300323486328,32.723423004150391
9542322,2022,2023-01-27,3711,2022-12-18,1659,SD7401,,7,5,7,3711,0,0,0,,0,838,"ORANGE AV","33RD ST",0.00,,Y,A,-,N,,,,,,,,,,N,3,0,1,2,A,-,03,22350,,N,B,E,A,A,H,-,A,D,0,,Y,,,Y,,L,04,0,1,0,0,0,0,1,0,0,"- ","- ",,,"SAN DIEGO","SAN DIEGO",-117.12294006347656,32.753322601318359
9542346,2022,2023-02-04,3711,2022-12-21,1654,SD6882,,3,5,7,3711,0,0,0,,0,122,"GRAND AV","GRAND AV 1000",0.00,,N,A,-,N,,,,,,,,,,N,4,0,1,2,A,-,11,21950,B,N,D,G,A,A,H,-,C,A,0,,Y,,,Y,,L,04,0,0,1,0,0,0,1,0,0,"- ","- ",,,"SAN DIEGO","SAN DIEGO",-117.23480224609375,32.799186706542969
9542371,2022,2023-01-27,3711,2022-12-17,1415,SD1375,,6,5,7,3711,0,0,0,,0,315,"CAMINO DEL RIO S","TEXAS ST",0.00,,Y,B,-,N,,,,,,,,,,N,4,0,1,1,A,-,08,22107,,N,G,A,A,A,H,-,A,A,0,,Y,,,Y,Y,L,04,0,0,1,0,0,0,1,0,0,"- ","- ",,,"SAN DIEGO","SAN DIEGO",-117.13926696777344,32.767299652099609
9544530,2022,2023-01-31,3711,2022-10-03,0738,SD1766,,1,5,7,3711,0,0,0,,0,524,"10TH AV","A ST",0.00,,Y,B,-,N,,,,,,,,,,N,3,0,1,2,A,-,12,21453,A,N,D,G,A,A,H,-,A,A,0,,Y,,,Y,,-,,0,1,0,0,0,0,1,0,0,"- ","- ",,,"SAN DIEGO","SAN DIEGO",-117.15561676025391,32.718860626220703
9544820,2022,2023-02-08,3711,2022-12-14,0739,SD5939,,3,5,7,3711,0,0,0,,0,615,"CHATSWORTH BL","CHATSWORTH BL 1800",0.00,,Y,A,-,N,,,,,,,,,,N,4,0,1,2,A,-,03,22350,,N,D,G,A,A,H,-,A,A,0,,Y,,,Y,,L,04,0,0,1,0,0,0,1,0,0,"- ","- ",,,"SAN DIEGO","SAN DIEGO",,
9544921,2022,2023-02-07,3711,2022-09-15,0715,SD7759,,4,5,7,3711,0,0,0,,0,233,"CUCA ST","CUCA ST 14100",0.00,,Y,A,-,N,,,,,,,,,,N,3,0,1,1,A,-,03,22350,,N,A,I,A,A,H,-,A,D,0,,Y,,,Y,,L,04,0,1,0,0,0,0,1,0,0,"- ","- ",,,"SAN DIEGO","SAN DIEGO",,
9618136,2022,2023-11-06,3711,2022-02-07,1832,SD6917,,1,5,7,3711,0,0,0,,0,523,"4TH AV","G ST",39.00,N,N,A,-,N,,,,,,,,,,N,3,0,1,2,B,-,22,,,N,E,-,A,A,H,-,C,D,0,,Y,,,Y,,L,04,0,1,0,0,0,0,1,0,0,"- ","- ",,,"SAN DIEGO","SAN DIEGO",-117.16105651855469,32.712677001953125
8535240,2018,2018-01-23,3711,2018-01-08,1643,6891,,1,5,7,3711,0,0,0,,0,122,"MISSION BL","DIAMOND ST",0.00,,-,C,-,N,,,,,,,,,,N,4,0,1,2,A,-,03,22350,,N,D,G,A,-,H,-,E,B,0,,Y,,,Y,,-,,0,0,1,0,0,0,1,0,0,"- ","- ",32.799308776855469,-117.25626373291016,"SAN DIEGO","SAN DIEGO",-117.25633239746094,32.799331665039062
8536491,2018,2018-01-23,3711,2018-01-02,0759,7578,,2,5,7,3711,0,0,0,,0,611,"CUSHING RD","ROOSEVELT ST",10.00,S,N,A,-,N,,,,,,,,,,N,4,0,1,2,-,-,"- ",,,N,B,B,E,A,G,-,A,D,0,Y,Y,,,Y,,-,"- ",0,0,1,0,1,0,0,0,0,"- ","- ",,,"SAN DIEGO","SAN DIEGO",-117.21288299560547,32.736240386962891
8536515,2018,2018-01-23,3711,2018-01-02,1545,7163,SPDP,2,5,7,3711,0,0,0,,0,813,"30TH ST","LINCOLN AV",3.00,S,N,A,-,N,,,,,,,,,,N,3,0,1,2,A,-,10,21950,A,N,H,G,A,A,H,-,A,A,0,,Y,,,Y,,-,,0,1,0,0,0,0,1,0,0,"- ","- ",,,"SAN DIEGO","SAN DIEGO",-117.13015747070312,32.750320434570312
8539574,2018,2018-02-01,3711,2018-01-20,0949,6218,,6,5,7,3711,0,0,0,,0,932,"CARMEL MOUNTAIN RD","SORRENTO VALLEY RD",0.00,,Y,A,-,N,,,,,,,,,,N,3,0,1,1,A,-,03,22350,,N,F,J,A,A,B,-,A,A,0,,Y,,,Y,,L,04,0,1,0,0,0,0,1,0,0,"- ","- ",,,"SAN DIEGO","SAN DIEGO",-117.23725128173828,32.916408538818359
8539708,2018,2018-02-02,3711,2018-01-19,1206,6976,SANDI,5,5,7,3711,0,0,0,,0,615,"ROSECRANS ST","GARRISON ST",0.00,,Y,B,-,N,,,,,,,,,,N,3,0,1,1,A,-,03,22350,,N,F,A,A,A,A,-,A,D,0,,Y,,,Y,,L,04,0,1,0,0,0,0,1,0,0,"- ","- ",,,"SAN DIEGO","SAN DIEGO",-117.22840118408203,32.725589752197266
8544216,2018,2018-01-31,3711,2018-01-22,1609,6794,SD,1,5,7,3711,0,0,0,,0,242,"HILLERY DR","BLACK MOUNTAIN",50.00,E,N,A,-,N,,,,,,,,,,N,3,0,1,1,A,-,08,22107,,N,-,A,A,A,H,-,A,A,0,,Y,,,Y,,L,04,0,1,0,0,0,0,1,0,0,"- ","- ",,,"SAN DIEGO","SAN DIEGO",-117.12424468994141,32.912860870361328
8544401,2018,2018-02-02,3711,2018-01-11,0916,4626,,4,5,7,3711,0,0,0,,0,315,"TEXAS ST","CAMINO DEL RIO S",846.00,S,N,A,-,N,,,,,,,,,,N,2,0,1,1,A,-,03,22350,,N,F,I,A,A,H,-,A,D,0,,Y,,,Y,,L,04,1,0,0,0,0,0,1,0,0,"- ","- ",,,"SAN DIEGO","SAN DIEGO",-117.13909912109375,32.765029907226562
8549675,2018,2018-02-28,3711,2018-01-29,1539,7449,"SAN D",1,5,7,3711,0,0,0,,0,124,"VIA ESTRADA","EL CAMINO",38.00,S,N,A,-,N,,,,,,,,,,N,3,0,1,1,A,-,08,22107,,N,E,J,A,A,A,-,A,D,0,,Y,,,Y,,-,"- ",0,1,0,0,0,0,1,0,0,"- ","- ",,,"SAN DIEGO","SAN DIEGO",-117.25419223,32.836054879999999
8549809,2018,2018-02-09,3711,2018-01-27,1530,7691,,6,5,7,3711,0,0,0,,0,115,"GENESEE AV","CENTURION SQ",192.00,N,N,A,-,N,,,,,,,,,,N,3,0,1,1,B,-,22,,,N,H,-,A,A,H,-,A,D,0,,Y,,,Y,,L,04,0,1,0,0,0,0,1,0,0,"- ","- ",,,"SAN DIEGO","SAN DIEGO",-117.21013069,32.861346359999999
8559134,2018,2018-02-26,3711,2018-02-02,1845,7227,,5,5,7,3711,0,0,0,,0,831,"CHAMOUNE AV","CHAMOUNE AV  4200",0.00,,N,A,-,N,,,,,,,,,,N,3,0,1,2,A,-,00,84095,B,M,G,B,F,A,H,-,C,D,0,Y,Y,,,Y,,L,04,0,1,0,0,1,0,0,0,0,"- ","- ",,,"SAN DIEGO","SAN DIEGO",-117.0965758,32.753128820000001
8563594,2018,2018-03-05,3711,2018-02-17,0916,7123,,6,5,7,3711,0,0,0,,0,935,"EL CAMINIO REAL","EL CAMINIO REAL 14300",4.00,W,N,A,-,N,,,,,,,,,,N,3,0,1,1,A,-,03,22350,,N,H,A,A,A,H,-,A,A,0,,Y,,,Y,,-,"- ",0,1,0,0,0,0,1,0,0,"- ","- ",,,"SAN DIEGO","SAN DIEGO",,
8563604,2018,2018-03-07,3711,2018-02-17,1405,7341,,6,5,7,3711,0,0,0,,0,124,"EL PASEO GRANDE","KENNEL WY",0.00,,Y,A,-,N,,,,,,,,,,N,3,0,1,1,A,-,"- ",,,N,H,A,A,A,H,-,A,D,0,,Y,,,Y,,L,04,0,1,0,0,0,0,1,0,0,"- ","- ",,,"SAN DIEGO","SAN DIEGO",-117.25405883789062,32.863529205322266
8563875,2018,2018-03-05,3711,2018-02-14,1717,7163,,3,5,7,3711,0,0,0,,0,,WIGHTMAN,"WIGHTMAN 3800",0.00,,Y,C,-,N,,,,,,,,,,N,3,0,1,1,-,-,"- ",,,N,H,-,A,B,H,-,B,A,0,,Y,,,Y,,-,"- ",0,1,0,0,0,0,1,0,0,"- ","- ",,,"SAN DIEGO","SAN DIEGO",-117.11183041,32.747826869999997
8565039,2018,2018-03-01,3711,2018-01-28,1240,6764,,7,5,7,3711,0,0,0,,0,826,"TROJAN AV","50TH ST",153.00,E,N,A,-,N,,,,,,,,,,N,2,0,1,2,A,-,09,21804,A,N,D,G,A,A,H,-,A,D,0,,Y,,,Y,,L,04,1,0,0,0,0,0,1,0,0,"- ","- ",,,"SAN DIEGO","SAN DIEGO",-117.08636474609375,32.754901885986328
8571458,2018,2018-03-14,3711,2018-02-27,1450,4884,SDPD,2,5,7,3711,0,0,0,,0,231,"SPRINGBROOK DR","SABRE SPRINGS PKWY",14.00,N,N,A,-,N,,,,,,,,,,N,3,0,1,2,A,-,09,21802,A,N,D,G,A,A,H,-,A,A,0,,Y,,,Y,,A,01,0,1,0,0,0,0,1,0,0,"- ","- ",,,"SAN DIEGO","SAN DIEGO",-117.08406829833984,32.943229675292969
8571462,2018,2018-03-14,3711,2018-02-25,1410,7555,,7,5,7,3711,0,0,0,,0,932,"13000 NORTH TORREY PINES RD","NORTH TORREY PINES RD",7.00,E,N,A,-,N,,,,,,,,,,N,2,0,1,2,A,-,05,21651,A,N,D,G,A,A,H,-,A,D,0,,Y,,,Y,,A,01,1,0,0,0,0,0,1,0,0,"- ","- ",32.937900543212891,-117.26129913330078,"SAN DIEGO","SAN DIEGO",-117.26121520996094,32.937904357910156
8571486,2018,2018-03-14,3711,2018-02-23,1730,7580,"SAN D",5,5,7,3711,0,0,0,,0,723,"AREY DR",DARWIN,15.00,W,N,A,-,N,,,,,,,,,,N,3,0,1,2,A,-,09,21802,A,N,D,G,A,A,H,-,A,D,0,,Y,,,Y,,L,04,0,1,0,0,0,0,1,0,0,"- ","- ",,,"SAN DIEGO","SAN DIEGO",-117.05110931396484,32.578739166259766
8576704,2018,2018-03-20,3711,2018-03-06,1258,7255,,2,5,7,3711,0,0,0,,0,611,"HANCOCK ST","HICOCK ST",0.00,,Y,A,-,N,,,,,,,,,,N,3,0,1,2,A,-,05,21650,1,N,H,G,A,A,H,-,A,D,0,,Y,,,Y,,L,04,0,1,0,0,0,0,1,0,0,"- ","- ",,,"SAN DIEGO","SAN DIEGO",-117.20932006835938,32.7576904296875
8580104,2018,2018-03-21,3711,2018-03-11,1735,6786,,7,5,7,3711,0,0,0,,0,518,"JUNIPER ST","30TH ST",51.00,S,N,A,-,N,,,,,,,,,,N,3,0,1,2,A,-,08,22107,,N,G,G,A,A,H,-,A,-,0,,Y,,,Y,,D,22,0,1,0,0,0,0,1,0,0,"- ","- ",,,"SAN DIEGO","SAN DIEGO",-117.13014984130859,32.729640960693359
8584244,2018,2018-04-04,3711,2018-03-18,2039,6176,,7,5,7,3711,0,0,0,,0,438,"ALLEGHANY ST","REO DR",9.00,W,N,A,-,N,,,,,,,,,,N,4,0,1,2,A,-,12,22450,A,M,D,G,A,A,H,-,C,D,0,,Y,,,Y,,-,99,0,0,1,0,0,0,1,0,0,"- ","- ",,,"SAN DIEGO","SAN DIEGO",-117.06793975830078,32.679103851318359
8584279,2018,2018-04-11,3711,2018-03-13,1530,6978,SANDI,2,5,7,3711,0,0,0,,0,124,"GILMAN DR","VILLA LA JOLLA DR",1200.00,N,N,B,-,N,,,,,,,,,,N,4,0,1,2,A,-,08,22107,,N,C,G,A,A,H,-,A,D,0,,Y,,,Y,,-,,0,0,1,0,0,0,1,0,0,"- ","- ",,,"SAN DIEGO","SAN DIEGO",-117.23753356933594,32.867256164550781
8584314,2018,2018-03-30,3711,2018-03-17,1415,7574,SANDI,6,5,7,3711,0,0,0,,0,613,"CHATSWORTH BL","NIMITZ BL",10.00,W,N,A,-,N,,,,,,,,,,Y,4,0,2,3,A,-,12,21453,A,N,D,C,A,A,H,-,A,A,0,,Y,,,Y,,A,01,0,0,2,0,0,0,1,0,0,"- ","- ",,,"SAN DIEGO","SAN DIEGO",-117.23065948486328,32.737209320068359
8584315,2018,2018-03-30,3711,2018-03-14,2345,4576,,3,5,7,3711,0,0,0,,0,827,"LEA ST","KNOXIE ST",200.00,E,N,B,-,N,,,,,,,,,,N,4,0,1,2,A,-,08,22107,,N,E,G,A,A,H,-,D,D,0,,Y,,,Y,,L,04,0,0,1,0,0,0,1,0,0,"- ","- ",,,"SAN DIEGO","SAN DIEGO",-117.08193206787109,32.744956970214844
8591405,2018,2018-04-11,3711,2018-03-24,0500,6203,,6,5,7,3711,0,0,0,,0,813,"PARK BL","UNIVERSITY AV",0.00,,Y,A,-,N,,,,,,,,,,N,3,0,1,1,A,-,08,22107,,N,A,I,A,A,H,-,C,D,0,,Y,,,Y,,L,04,0,1,0,0,0,0,1,0,0,"- ","- ",,,"SAN DIEGO","SAN DIEGO",-117.14640808105469,32.748451232910156
8592101,2018,2018-04-18,3711,2018-03-21,0735,7264,,3,5,7,3711,0,0,0,,0,624,"FLORIDA ST","POLK AV",0.00,,Y,A,-,N,,,,,,,,,,N,3,0,1,2,A,-,12,22450,A,N,D,G,A,A,H,-,A,A,0,,Y,,,Y,,-,"- ",0,1,0,0,0,0,1,0,0,"- ","- ",32.752109527587891,-117.14324951171875,"SAN DIEGO","SAN DIEGO",-117.14376831054688,32.752140045166016
8592382,2018,2018-04-18,3711,2018-03-30,1350,7534,,5,5,7,3711,0,0,0,,0,,"FRONT ST","WEST BEECH ST",0.00,,Y,A,-,N,,,,,,,,,,N,4,0,1,1,A,-,03,22350,,N,-,-,A,A,H,-,A,-,0,,Y,,,Y,,L,04,0,0,1,0,0,0,1,0,0,"- ","- ",,,"SAN DIEGO","SAN DIEGO",-117.16474914550781,32.720901489257812
8592471,2018,2018-04-23,3711,2018-04-02,1507,7497,,1,5,7,3711,0,0,0,,0,514,"BROADWAY AV","19TH ST",8.00,S,N,A,-,N,,,,,,,,,,N,4,0,1,1,A,-,"- ",,,N,H,-,A,A,H,-,A,D,0,,Y,,,Y,,L,04,0,0,1,0,0,0,1,0,0,"- ","- ",,,"SAN DIEGO","SAN DIEGO",-117.14678192138672,32.715789794921875
8594220,2018,2018-04-19,3711,2018-04-04,0657,7201,,3,5,7,3711,0,0,0,,0,313,"CLAIREMONT MESA BL","KEARNY MESA RD",0.00,,Y,A,-,N,,,,,,,,,,N,3,0,1,2,A,-,12,21453,A,N,D,G,A,A,H,-,A,A,0,,Y,,,Y,,L,04,0,1,0,0,0,0,1,0,0,"- ","- ",,,"SAN DIEGO","SAN DIEGO",-117.14353179931641,32.832920074462891
8594862,2018,2018-04-23,3711,2018-03-30,1530,7152,"SAN D",5,5,7,3711,0,0,0,,0,623,"HOTEL CIRCLE SOUTH","HOTEL CIRCLE CT",0.00,,N,A,-,N,,,,,,,,,,N,4,0,1,2,D,-,00,,,N,H,G,A,A,H,-,A,D,0,,Y,,,Y,,-,"- ",0,0,1,0,0,0,1,0,0,"- ","- ",,,"SAN DIEGO","SAN DIEGO",-117.17426300048828,32.759258270263672
8595875,2018,2018-04-17,3711,2018-03-29,0630,6392,SD,4,5,7,3711,0,0,0,,0,935,"SAN DIEGUITO RD","CAMINO SANTA FE",1320.00,E,N,E,-,N,,,,,,,,,,N,3,0,1,1,A,-,03,22350,,N,H,J,A,A,B,-,B,A,0,,Y,,,Y,,L,04,0,1,0,0,0,0,1,0,0,"- ","- ",,,"SAN DIEGO","SAN DIEGO",-117.20565795898438,32.980758666992188
8596333,2018,2018-04-17,3711,2018-03-17,1426,7478,,6,5,7,3711,0,0,0,,0,611,"ROSECRANS ST","KURTZ ST",180.00,S,N,B,-,N,,,,,,,,,,N,2,0,1,2,A,-,08,22107,,N,C,G,A,A,H,-,A,D,0,,Y,,,Y,Y,-,,1,0,0,0,0,0,1,0,0,"- ","- ",,,"SAN DIEGO","SAN DIEGO",-117.20421600341797,32.751907348632812
8610348,2018,2018-05-08,3711,2018-04-21,2130,6223,CE,6,5,7,3711,0,0,0,,0,0C3,"5TH AV","MARKET ST",35.00,N,N,A,-,N,,,,,,,,,,N,4,0,1,2,A,-,03,22350,,F,C,G,A,A,H,-,C,D,0,,Y,,,Y,,-,,0,0,1,0,0,0,1,0,0,"- ","- ",,,"SAN DIEGO","SAN DIEGO",-117.16014862060547,32.711597442626953
8615536,2018,2018-05-07,3711,2018-04-25,2020,7642,,3,5,7,3711,0,0,0,,0,122,"GRAND AV","DAWES ST",12.00,E,N,A,-,N,,,,,,,,,,N,4,0,1,2,A,-,08,22107,,N,-,G,A,A,H,-,C,-,0,,Y,,,Y,Y,L,04,0,0,1,0,0,0,1,0,0,"- ","- ",,,"SAN DIEGO","SAN DIEGO",-117.24941253662109,32.795936584472656
8615556,2018,2018-05-07,3711,2018-04-24,2321,4310,,2,5,7,3711,0,0,0,,0,523,"4TH AV","F ST",100.00,N,N,A,-,N,,,,,,,,,,N,4,0,1,2,A,-,17,21657,,N,D,G,A,A,H,-,C,D,0,,Y,,,Y,,L,04,0,0,1,0,0,0,1,0,0,"- ","- ",,,"SAN DIEGO","SAN DIEGO",-117.16106414794922,32.713882446289062
8616438,2018,2018-05-23,3711,2018-05-06,1555,7468,,7,5,7,3711,0,0,0,,0,121,"MISSION BL","QUEENSTOWN CT",10.00,N,N,A,-,N,,,,,,,,,,N,3,0,1,2,A,-,21,22106,,N,C,G,A,A,H,-,A,D,0,,Y,,,Y,,-,,0,1,0,0,0,0,1,0,0,"- ","- ",,,"SAN DIEGO","SAN DIEGO",-117.25269317626953,32.783737182617188
8618409,2018,2018-05-29,3711,2018-05-13,1519,7702,,7,5,7,3711,0,0,0,,0,614,"WEST POINT LOMA BL","NIMITZ BL",38.00,W,N,A,-,N,,,,,,,,,,N,3,0,1,2,A,-,04,21703,,N,C,G,A,A,H,-,A,A,0,,Y,,,Y,,L,04,0,1,0,0,0,0,1,0,0,"- ","- ",,,"SAN DIEGO","SAN DIEGO",-117.23623657226562,32.751209259033203
8619190,2018,2018-06-08,3711,2018-05-07,0621,7042,,1,5,7,3711,0,0,0,,0,622,"PACIFIC HWY","PACIFIC HWY 4800",38.00,E,N,A,-,N,,,,,,,,,,Y,4,0,1,2,A,-,08,22107,,N,B,G,A,A,H,-,A,D,0,,Y,,,Y,,L,04,0,0,1,0,0,0,1,0,0,"- ","- ",,,"SAN DIEGO","SAN DIEGO",,
8621360,2018,2018-05-24,3711,2018-05-12,1353,7574,"SAN D",6,5,7,3711,0,0,0,,0,611,"SPORTS ARENA BL",ROSECRANS,2.00,W,N,B,-,N,,,,,,,,,,N,3,0,1,2,A,-,17,21208,A,N,B,G,A,A,H,-,A,D,0,,Y,,,Y,,L,04,0,1,0,0,0,0,1,0,0,"- ","- ",,,"SAN DIEGO","SAN DIEGO",-117.20494842529297,32.751529693603516
8621469,2018,2018-05-29,3711,2018-05-03,1256,8192,,4,5,7,3711,0,0,0,,0,838,"ORANGE AV","38TH ST",0.00,,Y,A,-,N,,,,,,,,,,N,4,0,1,2,A,-,09,21804,A,N,A,G,A,A,H,-,A,A,0,,Y,,,Y,,L,04,0,0,1,0,0,0,1,0,0,"- ","- ",,,"SAN DIEGO","SAN DIEGO",-117.11184692382812,32.753238677978516
8625523,2018,2018-05-30,3711,2018-05-15,1718,5679,,2,5,7,3711,0,0,0,,0,234,"WEST BERNARDO DR","BERNARDO CENTER DR",325.00,W,N,A,-,N,,,,,,,,,,N,3,0,1,2,A,-,09,21801,A,N,D,G,A,A,H,-,A,D,0,,Y,,,Y,,A,01,0,1,0,0,0,0,1,0,0,"- ","- ",,,"SAN DIEGO","SAN DIEGO",-117.08969116210938,33.008686065673828
8625531,2018,2018-05-30,3711,2018-05-16,0848,6392,SD,3,5,7,3711,0,0,0,,0,936,"HIGHLAND VILLAGE PL","CAMINO DEL SUR",15.00,W,N,A,-,N,,,,,,,,,,N,3,0,1,2,A,-,10,21950,A,N,D,G,A,A,H,-,A,A,0,,Y,,,Y,,-,,0,1,0,0,0,0,1,0,0,"- ","- ",,,"SAN DIEGO","SAN DIEGO",-117.15278625488281,32.961799621582031