CASE_ID,ACCIDENT_YEAR,PROC_DATE,JURIS,COLLISION_DATE,COLLISION_TIME,OFFICER_ID,REPORTING_DISTRICT,DAY_OF_WEEK,CHP_SHIFT,POPULATION,CNTY_CITY_LOC,SPECIAL_COND,BEAT_TYPE,CHP_BEAT_TYPE,CITY_DIVISION_LAPD,CHP_BEAT_CLASS,BEAT_NUMBER,PRIMARY_RD,SECONDARY_RD,DISTANCE,DIRECTION,INTERSECTION,WEATHER_1,WEATHER_2,STATE_HWY_IND,CALTRANS_COUNTY,CALTRANS_DISTRICT,STATE_ROUTE,ROUTE_SUFFIX,POSTMILE_PREFIX,POSTMILE,LOCATION_TYPE,RAMP_INTERSECTION,SIDE_OF_HWY,TOW_AWAY,COLLISION_SEVERITY,NUMBER_KILLED,NUMBER_INJURED,PARTY_COUNT,PRIMARY_COLL_FACTOR,PCF_CODE_OF_VIOL,PCF_VIOL_CATEGORY,PCF_VIOLATION,PCF_VIOL_SUBSECTION,HIT_AND_RUN,TYPE_OF_COLLISION,MVIW,PED_ACTION,ROAD_SURFACE,ROAD_COND_1,ROAD_COND_2,LIGHTING,CONTROL_DEVICE,CHP_ROAD_TYPE,PEDESTRIAN_ACCIDENT,BICYCLE_ACCIDENT,MOTORCYCLE_ACCIDENT,TRUCK_ACCIDENT,NOT_PRIVATE_PROPERTY,ALCOHOL_INVOLVED,STWD_VEHTYPE_AT_FAULT,CHP_VEHTYPE_AT_FAULT,COUNT_SEVERE_INJ,COUNT_VISIBLE_INJ,COUNT_COMPLAINT_PAIN,COUNT_PED_KILLED,COUNT_PED_INJURED,COUNT_BICYCLIST_KILLED,COUNT_BICYCLIST_INJURED,COUNT_MC_KILLED,COUNT_MC_INJURED,PRIMARY_RAMP,SECONDARY_RAMP,LATITUDE,LONGITUDE,COUNTY,CITY,POINT_X,POINT_Y
8628647,2018,2018-06-12,3711,2018-05-27,1630,6834,,7,5,7,3711,0,0,0,,0,931,"SORRENTO VALLEY BL","SEA MIST WY",358.00,W,N,A,-,N,,,,,,,,,,N,3,0,1,1,A,-,03,22350,,N,H,J,A,A,H,-,A,D,0,,Y,,,Y,,L,04,0,1,0,0,0,0,1,0,0,"- ","- ",,,"SAN DIEGO","SAN DIEGO",-117.20366668701172,32.908321380615234
8628663,2018,2018-06-18,3711,2018-05-26,1240,7776,,6,5,7,3711,0,0,0,,0,628,"INDIA ST","WEST UPAS",129.00,S,N,A,-,N,,,,,,,,,,N,3,0,1,2,A,-,08,22107,,N,-,-,A,A,H,-,A,-,0,,Y,,,Y,,L,04,0,1,0,0,0,0,1,0,0,"- ","- ",,,"SAN DIEGO","SAN DIEGO",-117.17715454101562,32.738662719726562
8628667,2018,2018-06-12,3711,2018-05-19,0705,7231,3711,6,5,7,3711,0,0,0,,0,625,"JUAN ST",TWIGGS,258.00,N,N,B,-,N,,,,,,,,,,N,3,0,1,2,A,-,09,21801,A,N,B,G,A,A,H,-,B,D,0,,Y,,,Y,,-,,0,1,0,0,0,0,1,0,0,"- ","- ",,,"SAN DIEGO","SAN DIEGO",-117.19552612304688,32.754878997802734
8629822,2018,2018-06-07,3711,2018-05-16,0001,7701,SD,3,5,7,3711,0,0,0,,0,313,"RUFFIN RD","AERO DR",720.00,N,N,A,-,N,,,,,,,,,,N,3,0,1,1,A,-,03,22350,,N,F,G,A,A,H,-,C,D,0,,Y,,,Y,,L,04,0,1,0,0,0,0,1,0,0,"- ","- ",,,"SAN DIEGO","SAN DIEGO",-117.12973785400391,32.809879302978516
8633661,2018,2018-06-18,3711,2018-05-15,2155,8332,,2,5,7,3711,0,0,0,,0,525,BROADWAY,"3RD AV",28.00,E,N,A,-,N,,,,,,,,,,N,4,0,1,2,A,-,08,22107,,M,G,G,A,A,H,-,C,A,0,,Y,,,Y,Y,-,99,0,0,1,0,0,0,1,0,0,"- ","- ",,,"SAN DIEGO","SAN DIEGO",-117.16191101074219,32.715679168701172
8633704,2018,2018-06-14,3711,2018-04-25,1505,7143,,3,5,7,3711,0,0,0,,0,521,"ISLAND AV","500 17TH ST",216.00,E,N,A,-,N,,,,,,,,,,N,4,0,1,2,A,-,08,22107,,N,B,G,A,A,H,-,A,D,0,,Y,,,Y,Y,L,04,0,0,1,0,0,0,1,0,0,"- ","- ",,,"SAN DIEGO","SAN DIEGO",,
8634962,2018,2018-06-18,3711,2018-05-27,1000,6781,,7,5,7,3711,0,0,0,,0,813,"HOWARD AV","OREGON ST",60.00,E,N,A,-,N,,,,,,,,,,N,4,0,1,2,A,-,08,22107,,N,B,G,A,A,H,-,A,D,0,,Y,,,Y,,-,,0,0,1,0,0,0,1,0,0,"- ","- ",,,"SAN DIEGO","SAN DIEGO",-117.13493347167969,32.754039764404297
8638478,2018,2018-06-21,3711,2018-06-02,1918,7345,N2,6,5,7,3711,0,0,0,,0,122,"GARNET AV","FANUEL ST",48.00,W,N,A,-,N,,,,,,,,,,N,3,0,1,1,D,-,00,,,N,F,-,A,A,H,-,A,D,0,,Y,,,Y,Y,-,"- ",0,1,0,0,0,0,1,0,0,"- ","- ",,,"SAN DIEGO","SAN DIEGO",-117.24649810791016,32.798496246337891
8640809,2018,2018-07-11,3711,2018-06-13,2106,7720,"SAN D",3,5,7,3711,0,0,0,,0,611,"LANNING RD","TATTAL LN",0.00,,Y,A,-,N,,,,,,,,,,N,3,0,1,2,A,-,09,21801,,N,D,G,A,A,H,-,C,D,0,,Y,,,Y,,L,04,0,1,0,0,0,0,1,0,0,"- ","- ",,,"SAN DIEGO","SAN DIEGO",-117.21884155273438,32.728199005126953
8641008,2018,2018-06-29,3711,2018-06-13,1806,5515,,3,5,7,3711,0,0,0,,0,627,"CENTER ST","UNIVERSITY AV",21.00,S,N,A,-,N,,,,,,,,,,N,3,0,1,2,A,-,09,21802,A,N,D,G,A,A,H,-,A,D,0,,Y,,,Y,,L,04,0,1,0,0,0,0,1,0,0,"- ","- ",,,"SAN DIEGO","SAN DIEGO",-117.14837646484375,32.748409271240234
8641624,2018,2018-06-22,3711,2018-06-06,1659,7772,,3,5,7,3711,0,0,0,,0,431,"GENEVA AV","ELWOOD AV",9.00,W,N,A,-,N,,,,,,,,,,N,4,0,1,2,A,-,09,21803,A,N,H,G,A,A,H,-,A,A,0,,Y,,,Y,,A,01,0,0,1,0,0,0,1,0,0,"- ","- ",,,"SAN DIEGO","SAN DIEGO",-117.08280181884766,32.716789245605469
8641640,2018,2018-06-22,3711,2018-06-09,0940,4824,,6,5,7,3711,0,0,0,,0,242,"WESTVIEW PKWY","MIRA MESA BL",354.00,S,N,A,-,N,,,,,,,,,,N,3,0,1,2,A,-,05,21650,1,N,D,G,A,A,H,-,A,D,0,,Y,,,Y,,L,04,0,1,0,0,0,0,1,0,0,"- ","- ",,,"SAN DIEGO","SAN DIEGO",-117.12049102783203,32.916351318359375
8641730,2018,2018-06-21,3711,2018-06-10,0103,7607,,7,5,7,3711,0,0,0,,0,838,"ORANGE AV","38TH ST",0.00,,-,A,-,N,,,,,,,,,,N,3,0,1,1,D,-,00,,,N,E,G,A,-,H,-,D,D,0,,Y,,,Y,,-,"- ",0,1,0,0,0,0,1,0,0,"- ","- ",,,"SAN DIEGO","SAN DIEGO",-117.11184692382812,32.753238677978516
8642561,2018,2018-07-02,3711,2018-06-13,1030,7156,,3,5,7,3711,0,0,0,,0,517,26TH,"B ST",18.00,S,N,A,-,N,,,,,,,,,,N,3,0,1,2,A,-,10,21950,A,N,D,G,A,A,H,-,A,D,0,,Y,,,Y,,A,01,0,1,0,0,0,0,1,0,0,"- ","- ",,,"SAN DIEGO","SAN DIEGO",-117.13822937011719,32.717872619628906
8643808,2018,2018-06-29,3711,2018-06-11,0300,7462,,1,5,7,3711,0,0,0,,0,524,"1ST AV","W A ST",10.00,N,N,A,-,N,,,,,,,,,,N,3,0,1,2,A,-,17,21657,,N,D,G,A,A,H,-,C,A,0,,Y,,,Y,,L,04,0,1,0,0,0,0,1,0,0,"- ","- ",,,"SAN DIEGO","SAN DIEGO",-117.16384124755859,32.718856811523438
8647205,2018,2018-07-12,3711,2018-06-15,1555,6512,,5,5,7,3711,0,0,0,,0,234,"MONTERO RD","GRANDEE PL",33.00,S,N,A,-,N,,,,,,,,,,N,3,0,1,2,A,-,03,22350,,N,D,J,A,A,H,-,A,D,0,,Y,,,Y,,L,04,0,1,0,0,0,0,1,0,0,"- ","- ",,,"SAN DIEGO","SAN DIEGO",-117.05823516845703,33.026054382324219
8647554,2018,2018-06-27,3711,2018-06-17,1540,7051,11,7,5,7,3711,0,0,0,,0,112,"MOUNT ALIFAN DR","MT  ALIFAN DR 5100",0.00,,Y,A,-,N,,,,,,,,,,N,4,0,1,2,A,-,08,22107,,M,A,G,A,A,H,-,A,D,0,,Y,,,Y,,L,04,0,0,1,0,0,0,0,0,0,"- ","- ",32.816230773925781,-117.18460845947266,"SAN DIEGO","SAN DIEGO",-117.18461841,32.816240739999998
8650735,2018,2018-10-03,3711,2018-07-28,1906,7713,3711,6,5,7,3711,0,0,0,,0,122,GARNET,EVERTS,80.00,E,N,A,-,N,,,,,,,,,,N,3,0,2,2,A,-,10,21950,A,N,D,G,A,A,H,-,A,A,0,,Y,,,Y,,-,,0,1,1,0,0,0,1,0,0,"- ","- ",,,"SAN DIEGO","SAN DIEGO",-117.24791717529297,32.798191070556641
8651834,2018,2018-10-08,3711,2018-09-11,0825,6786,,2,5,7,3711,0,0,0,,0,511,"HARBOR DR","HARBOR DR 2900",0.00,,-,A,-,N,,,,,,,,,,N,4,0,1,1,D,-,00,,,N,F,G,A,A,H,-,A,-,0,,Y,,,Y,,-,"- ",0,0,1,0,0,0,1,0,0,"- ","- ",,,"SAN DIEGO","SAN DIEGO",-117.18474268999999,32.728797849999999
8653494,2018,2018-07-09,3711,2018-06-22,1915,8672,,5,5,7,3711,0,0,0,,0,611,"TRUXTUN RD","TRUXTUN RD 2400",0.00,,N,A,-,N,,,,,,,,,,N,2,0,1,2,C,-,18,,,N,H,G,A,A,H,-,A,D,0,,Y,,,Y,,-,"- ",1,0,0,0,0,0,1,0,0,"- ","- ",,,"SAN DIEGO","SAN DIEGO",-117.21736461,32.73631202
8653502,2018,2018-07-09,3711,2018-06-24,1010,5342,,7,5,7,3711,0,0,0,,0,233,"RANCHO PENASQUITOS BL","PASEO MONTRIL",105.00,E,N,A,-,N,,,,,,,,,,N,3,0,1,1,A,-,03,22350,,N,H,-,A,A,H,-,A,D,0,,Y,,,Y,,L,04,0,1,0,0,0,0,1,0,0,"- ","- ",,,"SAN DIEGO","SAN DIEGO",-117.10774230957031,32.951404571533203
8654467,2018,2018-07-17,3711,2018-06-28,1757,6415,,4,5,7,3711,0,0,0,,0,312,"TIERRASANTA BL","ESPLENDENTE BL",200.00,E,N,A,-,N,,,,,,,,,,,4,0,1,2,A,-,06,21750,,N,C,G,A,A,H,-,A,D,0,,Y,,,Y,,L,04,0,0,1,0,0,0,1,0,0,"- ","- ",,,"SAN DIEGO","SAN DIEGO",-117.10050964355469,32.822856903076172
8659920,2018,2018-07-13,3711,2018-06-15,0930,6753,"SAN D",5,5,7,3711,0,0,0,,0,612,"CHATSWORTH BL","CHATSWORTH 2100",12.00,W,N,A,-,N,,,,,,,,,,N,3,0,1,2,A,-,08,22107,,N,C,G,A,A,H,-,A,D,0,,Y,,,Y,,A,01,0,1,0,0,0,0,1,0,0,"- ","- ",,,"SAN DIEGO","SAN DIEGO",,
8659945,2018,2018-07-18,3711,2018-06-28,0715,7378,,4,5,7,3711,0,0,0,,0,831,"POLK AV","POLK AV 4400",0.00,,N,A,-,N,,,,,,,,,,N,3,0,1,2,A,-,"- ",,,N,D,G,A,A,G,-,A,A,0,,Y,,,Y,,-,,0,1,0,0,0,0,1,0,0,"- ","- ",,,"SAN DIEGO","SAN DIEGO",-117.09972918,32.751417459999999
8660720,2018,2018-07-19,3711,2018-07-02,2313,6432,SANDI,1,5,7,3711,0,0,0,,0,833,"FAIRMONT AV","WIGHTMAN ST",0.00,,Y,A,-,N,,,,,,,,,,N,4,0,1,2,D,-,00,,,M,D,G,A,A,H,-,C,A,0,,Y,,,Y,Y,-,"- ",0,0,1,0,0,0,1,0,0,"- ","- ",,,"SAN DIEGO","SAN DIEGO",-117.10092926025391,32.747879028320312
8663129,2018,2018-07-18,3711,2018-06-18,0658,6702,,1,5,7,3711,0,0,0,,0,931,"SORRENTO VALLEY BL","VISTA SORRENTO PKWY",0.00,,Y,A,-,N,,,,,,,,,,N,3,0,1,1,D,-,00,,,M,C,G,A,A,H,-,A,A,0,,Y,,,Y,,-,"- ",0,1,0,0,0,0,1,0,0,"- ","- ",,,"SAN DIEGO","SAN DIEGO",-117.22138977050781,32.902469635009766
8663149,2018,2018-07-18,3711,2018-06-29,0940,5072,,5,5,7,3711,0,0,0,,0,451,"54TH ST",KRENNING,0.00,,Y,A,-,N,,,,,,,,,,N,3,0,1,2,A,-,08,22107,,N,B,G,A,A,H,-,A,A,0,,Y,,,Y,,A,01,0,1,0,0,0,0,1,0,0,"- ","- ",,,"SAN DIEGO","SAN DIEGO",-117.07982635498047,32.735870361328125
8663216,2018,2018-07-17,3711,2018-05-29,0636,7355,,2,5,7,3711,0,0,0,,0,814,"ADAMS AV","WILSON AV",200.00,W,N,A,-,N,,,,,,,,,,,4,0,1,2,A,-,17,21205,,N,H,G,A,A,H,-,A,D,0,,Y,,,Y,,L,04,0,0,1,0,0,0,1,0,0,"- ","- ",,,"SAN DIEGO","SAN DIEGO",-117.11685943603516,32.763317108154297
8664754,2018,2018-08-27,3711,2018-07-09,0655,7772,,1,5,7,3711,0,0,0,,0,114,"CLAIREMONT MESA BL","DOLIVA DR",792.00,E,N,A,-,N,,,,,,,,,,N,3,0,1,2,A,-,08,22107,,N,B,G,A,A,H,-,A,D,0,,Y,,,Y,,L,04,0,1,0,0,0,0,1,0,0,"- ","- ",,,"SAN DIEGO","SAN DIEGO",-117.17311096191406,32.834087371826172
8672280,2018,2018-08-21,3711,2018-07-16,0745,8192,,1,5,7,3711,0,0,0,,0,838,"WILSON AV","ORANGE AV",10.00,N,N,B,-,N,,,,,,,,,,N,3,0,1,2,A,-,03,22350,,N,D,G,A,A,H,-,A,D,0,,Y,,,Y,,L,04,0,1,0,0,0,0,1,0,0,"- ","- ",,,"SAN DIEGO","SAN DIEGO",-117.11685943603516,32.753307342529297
8673780,2018,2018-10-11,3711,2018-07-25,0741,7601,SANDI,3,5,7,3711,0,0,0,,0,625,"JUAN ST","HARNEY ST",250.00,S,N,B,-,N,,,,,,,,,,N,4,0,1,2,A,-,08,22107,,N,D,G,A,A,H,-,A,D,0,,Y,,,Y,,A,01,0,0,1,0,0,0,1,0,0,"- ","- ",,,"SAN DIEGO","SAN DIEGO",-117.19326782226562,32.753494262695312
8676130,2018,2018-10-03,3711,2018-08-13,1220,7770,,1,5,7,3711,0,0,0,,0,512,"KEARNY AV","CESAR CHAVEZ",270.00,W,N,A,-,N,,,,,,,,,,N,3,0,1,2,A,-,05,21650,1,N,H,G,A,A,H,-,A,D,0,,Y,,,Y,,L,04,0,1,0,0,0,0,1,0,0,"- ","- ",,,"SAN DIEGO","SAN DIEGO",-117.14420914999999,32.702792289999998
8676132,2018,2018-10-24,3711,2018-08-11,1708,7646,,6,5,7,3711,0,0,0,,0,521,"IMPERIAL AV","16TH ST",9.00,W,N,A,-,N,,,,,,,,,,N,3,0,1,2,A,-,12,21453,A,N,D,G,A,A,H,-,A,A,0,,Y,,,Y,,L,04,0,1,0,0,0,0,1,0,0,"- ","- ",,,"SAN DIEGO","SAN DIEGO",-117.14948272705078,32.706279754638672
8676140,2018,2018-10-03,3711,2018-08-09,1713,7685,,4,5,7,3711,0,0,0,,0,123,"HIBISCUS LN","INGRAHAM ST",400.00,W,N,A,-,N,,,,,,,,,,N,4,0,1,1,A,-,08,22107,,N,H,-,A,A,H,-,A,D,0,,Y,,,Y,,L,04,0,0,1,0,0,0,1,0,0,"- ","- ",,,"SAN DIEGO","SAN DIEGO",,
8679069,2018,2018-08-30,3711,2018-07-30,1135,5365,,1,5,7,3711,0,0,0,,0,124,"VILLA LA JOLLA DR","NOBEL DR",1320.00,N,N,A,-,N,,,,,,,,,,N,3,0,2,2,A,-,12,22450,A,N,H,-,B,A,H,-,A,A,0,Y,Y,,,Y,,L,04,0,2,0,0,1,0,1,0,0,"- ","- ",,,"SAN DIEGO","SAN DIEGO",-117.23384857177734,32.87115478515625
8679117,2018,2018-09-17,3711,2018-07-13,1530,7281,"SAN D",5,5,7,3711,0,0,0,,0,517,"B ST","23RD ST",12.00,E,N,A,-,N,,,,,,,,,,N,4,0,1,1,A,-,"- ",,,N,H,A,A,A,H,-,A,D,0,,Y,,,Y,,L,04,0,0,1,0,0,0,1,0,0,"- ","- ",,,"SAN DIEGO","SAN DIEGO",-117.14311218261719,32.717891693115234
8679253,2018,2018-08-16,3711,2018-06-28,1758,7710,,4,5,7,3711,0,0,0,,0,442,"NEWTON AV","35TH ST",378.00,W,N,A,-,N,,,,,,,,,,N,3,0,1,2,A,-,10,21950,A,N,G,G,A,A,H,-,A,D,0,,Y,,,Y,,-,,0,1,0,0,0,0,1,0,0,"- ","- ",,,"SAN DIEGO","SAN DIEGO",-117.12010192871094,32.694938659667969
8685936,2018,2018-10-09,3711,2018-08-10,0200,7614,,5,5,7,3711,0,0,0,,0,627,"UNIVERSITY AV","NORMAL ST",0.00,,Y,A,-,N,,,,,,,,,,N,3,0,1,2,A,-,12,21453,A,N,D,G,A,A,H,-,C,A,0,,Y,,,Y,,L,04,0,1,0,0,0,0,1,0,0,"- ","- ",,,"SAN DIEGO","SAN DIEGO",-117.14996337890625,32.748458862304688
8687504,2018,2018-10-24,3711,2018-08-14,0730,7770,,2,5,7,3711,0,0,0,,0,511,"MAIN ST","RT 15",9.00,N,N,A,-,Y,SD,11,15,-,R,0.026,R,4,S,N,3,0,1,2,A,-,05,21650,,N,A,G,A,A,H,-,A,A,0,,Y,,,Y,,L,04,0,1,0,0,0,0,1,0,0,"- ","- ",,,"SAN DIEGO","SAN DIEGO",-117.12169647216797,32.693000793457031
8688329,2018,2018-09-18,3711,2018-08-09,1343,6000,,4,5,7,3711,0,0,0,,0,116,"KANE ST","MORENA BL EAST ALLEY",7.00,W,N,A,-,N,,,,,,,,,,N,2,0,1,2,A,-,09,21804,A,N,D,G,A,A,H,-,A,D,0,,Y,,,Y,,L,04,1,0,0,0,0,0,1,0,0,"- ","- ",,,"SAN DIEGO","SAN DIEGO",-117.205642,32.787120999999999
8690431,2018,2018-10-08,3711,2018-08-18,0855,7614,,6,5,7,3711,0,0,0,,0,622,"FRIARS RD","NAPA ST",0.00,,Y,A,-,N,,,,,,,,,,N,3,0,1,1,A,-,08,22107,,N,F,I,A,A,H,-,A,A,0,,Y,,,Y,,L,04,0,1,0,0,0,0,1,0,0,"- ","- ",,,"SAN DIEGO","SAN DIEGO",-117.19523620605469,32.763469696044922
8695601,2018,2018-09-24,3711,2018-08-31,1332,7305,,5,5,7,3711,0,0,0,,0,512,"OCEANVIEW BL","SOUTH 32ND ST",95.00,E,N,A,-,N,,,,,,,,,,N,3,0,1,2,A,-,08,22107,,N,B,G,A,A,G,-,A,A,0,,Y,,,Y,,A,01,0,1,0,0,0,0,1,0,0,"- ","- ",,,"SAN DIEGO","SAN DIEGO",-117.12488555908203,32.701190948486328
8699335,2018,2018-10-08,3711,2018-09-12,0630,6799,,3,5,7,3711,0,0,0,,0,115,"LA JOLLA VILLAGE DR","GENESEE AV",0.00,,Y,A,-,N,,,,,,,,,,N,3,0,1,1,D,-,00,,,N,-,G,A,A,D,H,A,A,0,,Y,,,Y,,-,"- ",0,1,0,0,0,0,1,0,0,"- ","- ",,,"SAN DIEGO","SAN DIEGO",-117.21415710449219,32.872608184814453
8706032,2018,2018-10-08,3711,2018-09-21,1712,4617,SANDI,5,5,7,3711,0,0,0,,0,,"MIRA MESA BL",GREENFORD,590.00,E,N,A,-,N,,,,,,,,,,N,3,0,1,2,A,-,08,22107,,N,-,G,A,A,H,-,A,D,0,,Y,,,Y,,-,,0,1,0,0,0,0,1,0,0,"- ","- ",,,"SAN DIEGO","SAN DIEGO",-117.13156127929688,32.914966583251953
8706036,2018,2018-10-23,3711,2018-09-21,2152,7776,,5,5,7,3711,0,0,0,,0,434,"JAMACHA RD","CARDIFF ST",15.00,W,N,A,-,N,,,,,,,,,,N,3,0,1,2,A,-,11,21456,B,N,D,G,A,A,H,-,C,A,0,,Y,,,Y,Y,L,04,0,1,0,0,0,0,1,0,0,"- ","- ",,,"SAN DIEGO","SAN DIEGO",-117.02590179443359,32.717784881591797
8706056,2018,2018-10-08,3711,2018-09-14,2351,6146,,5,5,7,3711,0,0,0,,0,122,"MISSION BAY DR","ROSEWOOD DR",258.00,N,N,A,-,N,,,,,,,,,,N,3,0,1,2,A,-,08,22107,,N,-,G,A,A,H,-,C,D,0,,Y,,,Y,,L,04,0,1,0,0,0,0,1,0,0,"- ","- ",,,"SAN DIEGO","SAN DIEGO",-117.21429443359375,32.801071166992188
8710295,2018,2018-10-18,3711,2018-09-27,1650,7391,,4,5,7,3711,0,0,0,,0,243,"CAMINO SANTA FE","TRADE ST",528.00,S,N,A,-,N,,,,,,,,,,N,3,0,1,1,D,-,00,,,N,H,G,A,A,A,-,A,D,0,,Y,,,Y,,-,"- ",0,1,0,0,0,0,1,0,0,"- ","- ",,,"SAN DIEGO","SAN DIEGO",-117.16728973388672,32.887222290039062
8711139,2018,2018-10-30,3711,2018-10-15,1033,5654,,1,5,7,3711,0,0,0,,0,613,"WEST POINT LOMA BL","MENTONE ST",147.00,E,N,A,-,N,,,,,,,,,,N,3,0,1,2,A,-,09,21804,A,N,D,G,A,A,H,-,A,D,0,,Y,,,Y,,D,23,0,1,0,0,0,0,1,0,0,"- ","- ",,,"SAN DIEGO","SAN DIEGO",-117.23347473144531,32.752265930175781
8711318,2018,2018-11-01,3711,2018-10-15,1854,4617,"SAN D",1,5,7,3711,0,0,0,,0,233,"BLACK MOUNTAIN RD","CANYON PARK DR",105.00,S,N,A,-,N,,,,,,,,,,N,2,0,1,1,D,-,00,,,N,E,-,A,A,A,-,C,D,0,,Y,,,Y,,-,"- ",1,0,0,0,0,0,1,0,0,"- ","- ",,,"SAN DIEGO","SAN DIEGO",-117.12910461425781,32.940196990966797
8713596,2018,2018-10-16,3711,2018-09-23,1358,7396,SANDI,7,5,7,3711,0,0,0,,0,521,"16TH ST","K ST",12.00,W,N,A,-,N,,,,,,,,,,N,4,0,1,2,A,-,09,21802,A,N,D,G,A,A,H,-,A,D,0,,Y,,,Y,,L,04,0,0,1,0,0,0,1,0,0,"- ","- ",,,"SAN DIEGO","SAN DIEGO",-117.14945983886719,32.708358764648438
8713669,2018,2018-10-17,3711,2018-09-23,1112,6856,,7,5,7,3711,0,0,0,,0,321,"LINDA VISTA RD","ULRIC ST",200.00,S,N,A,-,N,,,,,,,,,,N,3,0,1,2,A,-,09,21804,A,M,D,G,A,A,H,-,A,D,0,,Y,,,Y,,-,,0,1,0,0,0,0,1,0,0,"- ","- ",,,"SAN DIEGO","SAN DIEGO",-117.17052459716797,32.785991668701172
8713928,2018,2018-10-19,3711,2018-10-02,0958,6418,,2,5,7,3711,0,0,0,,0,121,"OCEAN FRONT WALK","VENTURA PL",974.00,S,N,B,-,N,,,,,,,,,,N,3,0,1,2,A,-,03,22350,,N,C,G,A,A,H,-,A,D,0,,Y,Y,,Y,,C,03,0,1,0,0,0,0,0,0,1,"- ","- ",,,"SAN DIEGO","SAN DIEGO",-117.25274658203125,32.76934814453125
8714089,2018,2018-10-19,3711,2018-10-05,0811,7685,,5,5,7,3711,0,0,0,,0,122,"FOOTHILL BL","FOOTHILL AV",10.00,E,N,A,-,N,,,,,,,,,,N,4,0,1,1,A,-,03,22350,,N,A,-,A,B,A,-,A,D,0,,Y,,,Y,,L,04,0,0,1,0,0,0,1,0,0,"- ","- ",,,"SAN DIEGO","SAN DIEGO",-117.24998474121094,32.81060791015625
8718603,2018,2018-11-20,3711,2018-10-05,1130,5985,,5,5,7,3711,0,0,0,,0,524,"WEST BROADWAY","PACIFIC HWY",0.00,,Y,B,-,N,,,,,,,,,,N,3,0,1,2,D,-,00,,,N,B,G,A,A,H,-,A,A,0,,Y,,,Y,,-,"- ",0,1,0,0,0,0,1,0,0,"- ","- ",,,"SAN DIEGO","SAN DIEGO",-117.17106628417969,32.715789794921875
8726446,2018,2018-11-08,3711,2018-10-15,0545,7589,,1,5,7,3711,0,0,0,,0,445,"EUCLID AV","LAKIBA PALMER AVE",0.00,,Y,A,-,N,,,,,,,,,,N,4,0,1,2,A,-,12,22450,,N,D,G,A,A,H,-,B,A,0,,Y,,,Y,,A,07,0,0,1,0,0,0,1,0,0,"- ","- ",,,"SAN DIEGO","SAN DIEGO",-117.08503989,32.713770050000001
8727392,2018,2018-11-06,3711,2018-08-21,1336,SD5313,,2,5,7,3711,0,0,0,,0,531,"PAN AMERICAN PLAZA","PRESIDENTS WY",380.00,S,N,A,-,N,,,,,,,,,,N,3,0,1,2,A,-,06,21750,,N,B,G,A,A,H,-,A,D,0,,Y,,,Y,,L,04,0,1,0,0,0,0,1,0,0,"- ","- ",,,"SAN DIEGO","SAN DIEGO",-117.15359497070312,32.727344512939453
8731942,2018,2018-11-14,3711,2018-10-24,1618,8447,,3,5,7,3711,0,0,0,,0,007,"CORONADO AV","27TH ST",200.00,W,N,A,-,N,,,,,,,,,,N,4,0,1,2,A,-,08,22107,,N,H,G,A,A,H,-,A,D,0,,Y,,,Y,,L,04,0,0,1,0,0,0,1,0,0,"- ","- ",,,"SAN DIEGO","SAN DIEGO",-117.07608032226562,32.576469421386719
8732355,2018,2018-11-16,3711,2018-10-31,0800,6193,,3,5,7,3711,0,0,0,,0,903,"IRIS AV","27TH ST",400.00,E,N,A,-,N,,,,,,,,,,N,4,0,1,2,A,-,17,22517,,N,H,G,A,A,H,-,-,A,0,,Y,,,Y,,A,01,0,0,1,0,0,0,1,0,0,"- ","- ",,,"SAN DIEGO","SAN DIEGO",-117.07418823242188,32.569160461425781
8732537,2018,2018-11-15,3711,2018-10-21,0830,6057,,7,5,7,3711,0,0,0,,0,503,"NORTH HARBOR DR","SPANISH LANDING RD",0.00,,Y,A,-,N,,,,,,,,,,N,3,0,1,1,A,-,03,22350,,N,B,I,A,A,H,-,A,A,0,,Y,,,Y,,L,04,0,1,0,0,0,0,1,0,0,"- ","- ",32.728889465332031,-117.21189880371094,"SAN DIEGO","SAN DIEGO",-117.21163541,32.728835449999998
8732787,2018,2018-11-19,3711,2018-10-31,1130,4283,,3,5,7,3711,0,0,0,,0,122,"GARNET AV","MISSION BAY DR",300.00,W,N,A,-,N,,,,,,,,,,N,3,0,1,2,A,-,09,21804,A,M,D,G,A,A,H,-,A,D,0,,Y,,,Y,,-,,0,1,0,0,0,0,1,0,0,"- ","- ",,,"SAN DIEGO","SAN DIEGO",-117.21991729736328,32.805950164794922