CASE_ID,ACCIDENT_YEAR,PROC_DATE,JURIS,COLLISION_DATE,COLLISION_TIME,OFFICER_ID,REPORTING_DISTRICT,DAY_OF_WEEK,CHP_SHIFT,POPULATION,CNTY_CITY_LOC,SPECIAL_COND,BEAT_TYPE,CHP_BEAT_TYPE,CITY_DIVISION_LAPD,CHP_BEAT_CLASS,BEAT_NUMBER,PRIMARY_RD,SECONDARY_RD,DISTANCE,DIRECTION,INTERSECTION,WEATHER_1,WEATHER_2,STATE_HWY_IND,CALTRANS_COUNTY,CALTRANS_DISTRICT,STATE_ROUTE,ROUTE_SUFFIX,POSTMILE_PREFIX,POSTMILE,LOCATION_TYPE,RAMP_INTERSECTION,SIDE_OF_HWY,TOW_AWAY,COLLISION_SEVERITY,NUMBER_KILLED,NUMBER_INJURED,PARTY_COUNT,PRIMARY_COLL_FACTOR,PCF_CODE_OF_VIOL,PCF_VIOL_CATEGORY,PCF_VIOLATION,PCF_VIOL_SUBSECTION,HIT_AND_RUN,TYPE_OF_COLLISION,MVIW,PED_ACTION,ROAD_SURFACE,ROAD_COND_1,ROAD_COND_2,LIGHTING,CONTROL_DEVICE,CHP_ROAD_TYPE,PEDESTRIAN_ACCIDENT,BICYCLE_ACCIDENT,MOTORCYCLE_ACCIDENT,TRUCK_ACCIDENT,NOT_PRIVATE_PROPERTY,ALCOHOL_INVOLVED,STWD_VEHTYPE_AT_FAULT,CHP_VEHTYPE_AT_FAULT,COUNT_SEVERE_INJ,COUNT_VISIBLE_INJ,COUNT_COMPLAINT_PAIN,COUNT_PED_KILLED,COUNT_PED_INJURED,COUNT_BICYCLIST_KILLED,COUNT_BICYCLIST_INJURED,COUNT_MC_KILLED,COUNT_MC_INJURED,PRIMARY_RAMP,SECONDARY_RAMP,LATITUDE,LONGITUDE,COUNTY,CITY,POINT_X,POINT_Y
8732807,2018,2018-11-20,3711,2018-11-04,2145,7818,3711,7,5,7,3711,0,0,0,,0,512,"IMPERIAL AV","27TH ST",105.00,W,N,A,-,N,,,,,,,,,,N,3,0,1,2,A,-,06,21760,C,M,C,G,A,A,H,-,C,D,0,,Y,,,Y,,-,,0,1,0,0,0,0,1,0,0,"- ","- ",,,"SAN DIEGO","SAN DIEGO",-117.13632965087891,32.706367492675781
8732843,2018,2018-11-20,3711,2018-11-04,0937,5985,,7,5,7,3711,0,0,0,,0,324,"LAKE MURRAY BL","HIGHWOOD DR",528.00,N,N,B,-,N,,,,,,,,,,N,3,0,2,2,A,-,09,21804,A,N,D,G,A,A,H,-,A,D,0,,Y,,,Y,,A,01,0,2,0,0,0,0,1,0,0,"- ","- ",,,"SAN DIEGO","SAN DIEGO",-117.00901794433594,32.813117980957031
8732847,2018,2018-11-20,3711,2018-11-02,1910,7499,SD,5,5,7,3711,0,0,0,,0,713,"OTAY MESA RD","LA MEDIA RD",0.00,,Y,A,-,N,,,,,,,,,,N,3,0,1,2,A,-,10,21950,A,N,G,B,A,A,H,-,C,A,0,,Y,,,Y,,-,,0,1,0,0,0,0,1,0,0,"- ","- ",,,"SAN DIEGO","SAN DIEGO",-116.96241760253906,32.567840576171875
8732863,2018,2018-11-20,3711,2018-11-01,1400,7130,,4,5,7,3711,0,0,0,,0,124,"PROSPECT ST","CUVIER ST",103.00,S,N,A,-,N,,,,,,,,,,N,3,0,1,2,A,-,05,21202,A,N,B,G,A,A,H,-,A,D,0,,Y,,,Y,,L,04,0,1,0,0,0,0,1,0,0,"- ","- ",,,"SAN DIEGO","SAN DIEGO",-117.27860260009766,32.842800140380859
8733813,2018,2018-12-20,3711,2018-10-26,1141,8192,,5,5,7,3711,0,0,0,,0,813,"ADAMS AV","OREGON ST",40.00,W,N,A,-,N,,,,,,,,,,N,3,0,1,2,A,-,17,22517,,N,B,G,A,A,H,-,A,A,0,,Y,,,Y,,A,01,0,1,0,0,0,0,1,0,0,"- ","- ",,,"SAN DIEGO","SAN DIEGO",-117.13529205322266,32.762840270996094
8735471,2018,2018-11-14,3711,2018-10-20,2211,7460,SD,6,5,7,3711,0,0,0,,0,628,"WEST WASHINGTON ST","HANCOCK ST",0.00,,Y,A,-,N,,,,,,,,,,N,3,0,1,2,A,-,12,21453,A,N,D,G,A,A,H,-,C,A,0,,Y,,,Y,Y,L,04,0,1,0,0,0,0,1,0,0,"- ","- ",,,"SAN DIEGO","SAN DIEGO",-117.18321228027344,32.741989135742188
8736239,2018,2018-11-20,3711,2018-10-22,1115,7667,,1,5,7,3711,0,0,0,,0,122,"OCEAN BL","LAW ST",102.00,N,N,A,-,N,,,,,,,,,,N,3,0,1,1,A,-,08,22107,,N,H,A,A,A,H,-,A,D,0,,Y,,,Y,,L,04,0,1,0,0,0,0,1,0,0,"- ","- ",,,"SAN DIEGO","SAN DIEGO",-117.25900268554688,32.802028656005859
8736331,2018,2018-11-27,3711,2018-11-04,1149,7605,SD,7,5,7,3711,0,0,0,,0,625,"TAYLOR ST","CONGRESS ST",120.00,E,N,B,-,N,,,,,,,,,,,3,0,1,2,C,-,18,,,N,H,G,A,A,H,-,A,A,0,,Y,,,Y,,-,"- ",0,1,0,0,0,0,1,0,0,"- ","- ",,,"SAN DIEGO","SAN DIEGO",-117.19934844970703,32.755893707275391
8741149,2018,2018-11-28,3711,2018-11-07,1835,4295,,3,5,7,3711,0,0,0,,0,123,"SUNSET CLIFFS","QUIVIRA ACCESS RD",1056.00,S,N,A,-,N,,,,,,,,,,N,3,0,1,2,A,-,05,21650,1,N,A,G,A,A,H,-,D,D,0,,Y,,,Y,Y,L,04,0,1,0,0,0,0,1,0,0,"- ","- ",,,"SAN DIEGO","SAN DIEGO",,
8741955,2018,2018-11-29,3711,2018-11-09,1713,7576,,5,5,7,3711,0,0,0,,0,612,"EVERGREEN ST","ROSECRANS ST",0.00,,Y,A,-,N,,,,,,,,,,N,3,0,1,2,A,-,09,21801,,N,A,G,A,A,H,-,C,A,0,,Y,,,Y,,D,22,0,1,0,0,0,0,1,0,0,"- ","- ",,,"SAN DIEGO","SAN DIEGO",-117.2093505859375,32.747180938720703
8741959,2018,2018-11-29,3711,2018-11-09,0745,6501,MC,5,5,7,3711,0,0,0,,0,811,"MEADE AV","32ND ST",10.00,W,N,A,-,N,,,,,,,,,,N,3,0,1,1,A,-,17,22109,,N,E,I,A,A,H,-,A,D,0,,Y,,,Y,,L,04,0,1,0,0,0,0,1,0,0,"- ","- ",,,"SAN DIEGO","SAN DIEGO",-117.12506103515625,32.757228851318359
8743552,2018,2018-12-27,3711,2018-10-20,0541,6702,,6,5,7,3711,0,0,0,,0,527,"PACIFIC HWY","WEST LAUREL ST",0.00,,Y,A,-,N,,,,,,,,,,N,2,0,1,2,A,-,12,21453,A,N,D,G,A,A,H,-,C,A,0,,Y,,,Y,,J,48,1,0,0,0,0,0,1,0,0,"- ","- ",,,"SAN DIEGO","SAN DIEGO",-117.17371368408203,32.729511260986328
8746170,2018,2019-02-05,3711,2018-11-19,2225,7029,,1,5,7,3711,0,0,0,,0,813,"OHIO ST","EL CAJON BL",0.00,,Y,A,-,N,,,,,,,,,,N,4,0,1,2,A,-,06,21760,C,N,C,G,A,A,H,-,D,D,0,,Y,,,Y,,-,"- ",0,0,1,0,0,0,1,0,0,"- ","- ",,,"SAN DIEGO","SAN DIEGO",-117.12893676757812,32.755401611328125
8747329,2018,2019-02-04,3711,2018-11-07,1415,7547,,3,5,7,3711,0,0,0,,0,521,"G ST","PARK BL",0.00,,Y,A,-,N,,,,,,,,,,N,3,0,2,2,A,-,08,22107,,N,A,B,E,A,H,-,A,A,0,Y,Y,,,Y,,L,04,0,2,0,0,1,0,1,0,0,"- ","- ",,,"SAN DIEGO","SAN DIEGO",-117.15376281738281,32.712608337402344
8747940,2018,2019-02-15,3711,2018-11-08,1419,7255,SD,4,5,7,3711,0,0,0,,0,611,"SPORTS ARENA BL","RT 8",95.00,S,N,A,-,Y,SD,11,8,-,L,1.460,R,4,W,N,2,0,1,1,A,-,03,22350,,N,E,J,A,A,G,-,A,D,0,,Y,,,Y,,L,04,1,0,0,0,0,0,1,0,0,"- ","- ",,,"SAN DIEGO","SAN DIEGO",-117.21977996826172,32.757415771484375
8747956,2018,2019-01-24,3711,2018-11-15,0715,6915,,4,5,7,3711,0,0,0,,0,517,"B ST","19TH ST",34.00,E,N,A,-,N,,,,,,,,,,N,3,0,1,1,A,-,03,22350,,N,E,A,A,A,A,-,A,A,0,,Y,,,Y,,L,04,0,1,0,0,0,0,1,0,0,"- ","- ",,,"SAN DIEGO","SAN DIEGO",-117.14665985107422,32.717872619628906
8747964,2018,2019-01-24,3711,2018-11-23,1830,7187,,5,5,7,3711,0,0,0,,0,832,"ORANGE AV",43RD,2.00,E,N,A,-,N,,,,,,,,,,N,4,0,1,2,A,-,05,21650,1,N,B,G,A,A,H,-,D,A,0,,Y,,,Y,,L,04,0,0,1,0,0,0,1,0,0,"- ","- ",,,"SAN DIEGO","SAN DIEGO",-117.10192108154297,32.753170013427734
8748025,2018,2019-01-25,3711,2018-11-09,2300,7785,"SAN D",5,5,7,3711,0,0,0,,0,838,"WABASH AV","UNIVERSITY AV",0.00,,Y,A,-,N,,,,,,,,,,N,3,0,1,2,A,-,12,21453,A,N,G,G,A,A,H,-,C,A,0,,Y,,,Y,,L,04,0,1,0,0,0,0,1,0,0,"- ","- ",,,"SAN DIEGO","SAN DIEGO",-117.12080383300781,32.749198913574219
8754423,2018,2019-01-17,3711,2018-11-28,0648,5628,,3,5,7,3711,0,0,0,,0,124,"LA JOLLA HERMOSA AV","CARLA WY",0.00,,Y,A,-,N,,,,,,,,,,N,3,0,2,2,A,-,12,22450,A,N,D,B,B,A,H,-,A,A,0,Y,Y,,,Y,,L,04,0,2,0,0,1,0,1,0,0,"- ","- ",,,"SAN DIEGO","SAN DIEGO",-117.26341247558594,32.809608459472656
8759870,2018,2019-01-26,3711,2018-12-09,1004,7832,,7,5,7,3711,0,0,0,,0,823,"UNIVERSITY AV","COLLEGE AV",0.00,,Y,A,-,N,,,,,,,,,,N,3,0,1,2,A,-,12,21453,A,N,B,G,A,A,H,-,A,A,0,,Y,,,Y,Y,L,04,0,1,0,0,0,0,1,0,0,"- ","- ",,,"SAN DIEGO","SAN DIEGO",-117.06448364257812,32.752861022949219
8759992,2018,2019-01-26,3711,2018-12-02,1326,7685,,7,5,7,3711,0,0,0,,0,122,"PACIFIC BEACH DR","PACIFIC BEACH DR 700",5.00,S,N,A,-,N,,,,,,,,,,N,4,0,1,3,A,-,17,22517,,N,B,G,A,A,-,-,A,D,0,,Y,,,Y,,A,01,0,0,1,0,0,0,1,0,0,"- ","- ",,,"SAN DIEGO","SAN DIEGO",,
8764130,2018,2019-01-11,3711,2018-11-17,0641,7073,,6,5,7,3711,0,0,0,,0,615,"CARLETON ST","LOCUST ST",0.00,,Y,A,-,N,,,,,,,,,,,3,0,1,2,A,-,12,22450,A,N,D,G,A,A,H,-,A,C,0,,Y,,,Y,,L,04,0,1,0,0,0,0,1,0,0,"- ","- ",,,"SAN DIEGO","SAN DIEGO",-117.23143005371094,32.723770141601562
8764484,2018,2019-01-09,3711,2018-11-24,1722,5812,SANDI,6,5,7,3711,0,0,0,,0,124,"FAY AV","PEARL ST",0.00,,Y,B,-,N,,,,,,,,,,N,3,0,1,2,A,-,09,21801,A,N,B,G,A,A,H,-,C,A,0,,Y,,,Y,,-,,0,1,0,0,0,0,1,0,0,"- ","- ",,,"SAN DIEGO","SAN DIEGO",-117.27369689941406,32.840221405029297
8764485,2018,2019-01-09,3711,2018-11-27,0846,5628,,2,5,7,3711,0,0,0,,0,115,"RENAISSANCE AV","FIORE TER",16.00,N,N,A,-,N,,,,,,,,,,N,4,0,1,2,A,-,09,21801,A,N,D,G,A,A,H,-,A,D,0,,Y,,,Y,,A,01,0,0,1,0,0,0,1,0,0,"- ","- ",,,"SAN DIEGO","SAN DIEGO",-117.20479583740234,32.869972229003906
8767274,2018,2019-01-02,3711,2018-11-07,1000,6614,,3,5,7,3711,0,0,0,,0,124,"PASEO DORADO","EL PASEO GRANDE",42.00,W,N,A,-,N,,,,,,,,,,N,3,0,1,2,A,-,17,22517,,N,B,G,A,A,H,-,A,D,0,,Y,,,Y,,A,01,0,1,0,0,0,0,1,0,0,"- ","- ",,,"SAN DIEGO","SAN DIEGO",-117.25587463378906,32.852523803710938
8769665,2018,2019-01-29,3711,2018-12-19,1945,7592,SD,3,5,7,3711,0,0,0,,0,115,"GENESEE AV","LUIGI TER",780.00,N,N,A,-,N,,,,,,,,,,N,3,0,1,1,A,-,"- ",,,N,H,-,A,A,G,-,D,D,0,,Y,,,Y,,L,04,0,1,0,0,0,0,1,0,0,"- ","- ",,,"SAN DIEGO","SAN DIEGO",-117.2091064453125,32.860683441162109
8771716,2018,2019-01-29,3711,2018-12-08,1246,7226,,6,5,7,3711,0,0,0,,0,625,"CONGRESS ST","CONGRESS ST 2725",0.00,,Y,A,-,N,,,,,,,,,,N,3,0,1,2,A,-,17,22517,,N,H,G,A,A,H,-,A,D,0,,Y,,,Y,,A,01,0,1,0,0,0,0,1,0,0,"- ","- ",,,"SAN DIEGO","SAN DIEGO",-117.19810814,32.753525080000003
8772142,2018,2019-02-02,3711,2018-12-23,0805,7834,,7,5,7,3711,0,0,0,,0,115,"PALMILLA DR","LEBON DR",0.00,,Y,A,-,N,,,,,,,,,,Y,3,0,1,2,A,-,08,22107,,N,D,G,A,A,H,-,A,A,0,,Y,,,Y,,-,"- ",0,1,0,0,0,0,1,0,0,"- ","- ",,,"SAN DIEGO","SAN DIEGO",-117.22537994384766,32.864768981933594
8787643,2019,2019-02-02,3711,2019-01-10,0821,7646,,4,5,7,3711,0,0,0,,0,,"32ND ST","OCEAN VIEW BL",5.00,E,N,A,-,N,,,,,,,,,,N,3,0,1,2,A,-,09,21801,A,M,H,G,A,A,H,-,A,D,0,,Y,,,Y,Y,-,99,0,1,0,0,0,0,1,0,0,"- ","- ",,,"SAN DIEGO","SAN DIEGO",-117.12519073486328,32.701190948486328
8788540,2019,2019-02-02,3711,2019-01-10,1547,7776,,4,5,7,3711,0,0,0,,0,627,"PARK BL","PENNSYLVANIA AV",0.00,,Y,A,-,N,,,,,,,,,,N,3,0,1,2,A,-,08,22107,,N,D,G,A,A,H,-,A,D,0,,Y,,,Y,,A,01,0,1,0,0,0,0,1,0,0,"- ","- ",,,"SAN DIEGO","SAN DIEGO",-117.14727020263672,32.745368957519531
8789416,2019,2019-02-04,3711,2019-01-17,0816,7163,,4,5,7,3711,0,0,0,,0,813,"ADAMS AV","KANSAS ST",210.00,W,N,A,-,N,,,,,,,,,,N,4,0,1,3,A,-,17,22517,,N,D,G,A,A,H,-,A,D,0,,Y,,,Y,,A,07,0,0,1,0,0,0,1,0,0,"- ","- ",,,"SAN DIEGO","SAN DIEGO",-117.13211822509766,32.762874603271484
8789468,2019,2019-02-12,3711,2019-01-24,2105,7478,,4,5,7,3711,0,0,0,,0,621,"LINDA VISTA RD","VIA LOS CUMBRES",324.00,N,N,A,-,N,,,,,,,,,,N,3,0,1,2,A,-,08,22107,,N,D,G,A,A,H,-,D,A,0,,Y,,,Y,,L,04,0,1,0,0,0,0,1,0,0,"- ","- ",,,"SAN DIEGO","SAN DIEGO",-117.18141174316406,32.772483825683594
8792613,2019,2019-02-20,3711,2019-01-07,2005,7233,,1,5,7,3711,0,0,0,,0,123,"WEST MISSION BAY DR","QUIVIRA RD",540.00,W,N,B,-,N,,,,,,,,,,N,2,0,1,2,A,-,05,21651,A,F,D,G,A,A,D,-,C,D,0,,Y,,,Y,,L,04,1,0,0,0,0,0,1,0,0,"- ","- ",,,"SAN DIEGO","SAN DIEGO",-117.23953247070312,32.766036987304688
8792617,2019,2019-02-21,3711,2019-01-30,2207,SD4576,,3,5,7,3711,0,0,0,,0,437,"S MEADOWBROOK DR","PARADISE VALLEY RD",52.75,,N,B,-,N,,,,,,,,,,Y,3,0,1,2,A,-,09,21801,A,M,D,G,A,A,H,-,C,D,0,,Y,,,Y,,L,04,0,1,0,0,0,0,1,0,0,"- ","- ",,,"SAN DIEGO","SAN DIEGO",-117.02584838867188,32.697509765625
8793934,2019,2019-02-27,3711,2019-02-08,1415,7343,,5,5,7,3711,0,0,0,,0,124,"PEARL ST","PEARL ST 700",0.00,,N,A,-,N,,,,,,,,,,N,3,0,1,1,C,-,18,,,N,H,-,A,A,H,-,A,A,0,,Y,,,Y,,-,"- ",0,1,0,0,0,0,1,0,0,"- ","- ",32.839710235595703,-117.27555084228516,"SAN DIEGO","SAN DIEGO",,
8793962,2019,2019-02-27,3711,2019-02-08,1629,SD7632,,5,5,7,3711,0,0,0,,0,312,"SANTO RD","SNOOK ST",0.00,,N,A,-,N,,,,,,,,,,N,4,0,1,2,A,-,05,21202,A,N,H,G,A,A,H,-,A,D,0,,Y,,,Y,,L,04,0,0,1,0,0,0,1,0,0,"- ","- ",32.812801361083984,-117.10579681396484,"SAN DIEGO","SAN DIEGO",-117.10607147216797,32.812610626220703
8794808,2019,2019-02-06,3711,2019-01-25,1606,6611,,5,5,7,3711,0,0,0,,0,124,"LA JOLLA MESA DR","LA JOLLA SCENIC DR S",100.00,S,N,A,-,N,,,,,,,,,,N,4,0,1,1,A,-,03,22350,,N,E,G,A,A,D,-,A,D,0,,Y,,,Y,,L,04,0,0,1,0,0,0,1,0,0,"- ","- ",,,"SAN DIEGO","SAN DIEGO",-117.25752258300781,32.823528289794922
8794946,2019,2019-02-22,3711,2019-01-23,1101,7574,"SAN D",3,5,7,3711,0,0,0,,0,611,"SPORTS ARENA BL","EAST DR",4186.00,E,N,A,-,N,,,,,,,,,,N,3,0,1,2,A,-,03,22350,,N,D,G,A,A,H,-,A,D,0,,Y,,,Y,,L,04,0,1,0,0,0,0,1,0,0,"- ","- ",,,"SAN DIEGO","SAN DIEGO",-117.20494079589844,32.751529693603516
8805330,2019,2019-03-20,3711,2019-02-10,1510,7707,521,7,5,7,3711,0,0,0,,0,,"PARK BL","MARKET ST",27.00,S,N,A,-,N,,,,,,,,,,N,4,0,1,2,A,-,06,21760,C,N,C,G,A,A,H,-,A,A,0,,Y,,,Y,,A,08,0,0,1,0,0,0,1,0,0,"- ","- ",,,"SAN DIEGO","SAN DIEGO",-117.15374755859375,32.711456298828125
8807067,2019,2019-03-05,3711,2019-02-11,1115,7412,"SAN D",1,5,7,3711,0,0,0,,0,242,"MIRA MESA BL","MARBURY AV",422.00,E,N,A,-,N,,,,,,,,,,N,3,0,1,2,A,-,08,22107,,N,A,G,A,A,H,-,A,D,0,,Y,,,Y,,A,01,0,1,0,0,0,0,1,0,0,"- ","- ",,,"SAN DIEGO","SAN DIEGO",-117.12875366210938,32.916778564453125
8811296,2019,2019-03-19,3711,2019-02-27,1635,6955,,3,5,7,3711,0,0,0,,0,446,"LOGAN AV","MAGENTA ST",2.00,N,N,A,-,N,,,,,,,,,,N,4,0,1,2,A,-,09,21804,A,N,B,G,A,A,H,-,A,D,0,,Y,,,Y,,-,,0,0,1,0,0,0,1,0,0,"- ","- ",,,"SAN DIEGO","SAN DIEGO",-117.09203338623047,32.696800231933594
8819703,2019,2019-03-18,3711,2019-02-23,1120,5842,,6,5,7,3711,0,0,0,,0,933,"CARMEL VALLEY RD","MC GONIGLE RD",0.00,,Y,A,-,N,,,,,,,,,,N,3,0,1,2,A,-,09,21801,A,N,D,G,A,A,H,-,A,A,0,,Y,,,Y,,A,01,0,1,0,0,0,0,1,0,0,"- ","- ",,,"SAN DIEGO","SAN DIEGO",-117.25733184814453,32.935951232910156
8819895,2018,2019-03-20,3711,2018-06-24,1825,7284,,7,5,7,3711,0,0,0,,0,712,"VIA VALARTA","ANTIGUA BL",28.00,S,N,A,-,N,,,,,,,,,,N,4,0,1,2,A,-,08,22107,,N,C,G,A,A,H,-,A,A,0,,Y,,,Y,,A,01,0,0,1,0,0,0,1,0,0,"- ","- ",,,"SAN DIEGO","SAN DIEGO",-117.08567810058594,32.837032318115234
8820336,2019,2019-03-22,3711,2019-03-01,1050,SD5245,,5,5,7,3711,0,0,0,,0,313,"CONCOY ST","OPPORTUNITY ST",70.00,N,N,A,-,N,,,,,,,,,,N,3,0,1,2,A,-,03,22350,,N,C,G,A,A,H,-,A,D,0,,Y,,,Y,,L,04,0,1,0,0,0,0,1,0,0,"- ","- ",,,"SAN DIEGO","SAN DIEGO",-117.15498352050781,32.825527191162109
8820379,2019,2019-03-22,3711,2019-03-07,1200,5747,,4,5,7,3711,0,0,0,,0,611,"CUSHING RD","FARRAGUT RD",200.00,S,N,A,-,N,,,,,,,,,,N,3,0,1,2,A,-,17,22517,,N,H,G,A,A,H,-,A,D,0,,Y,,,Y,,A,01,0,1,0,0,0,0,1,0,0,"- ","- ",,,"SAN DIEGO","SAN DIEGO",-117.21724700927734,32.731822967529297
8821291,2019,2019-03-22,3711,2019-03-09,0913,7487,"SAN D",6,5,7,3711,0,0,0,,0,122,"HORNBLEND ST","ROSE CREEK TRL",0.00,,Y,B,-,N,,,,,,,,,,N,4,0,1,2,A,-,08,22107,,N,D,-,A,B,H,-,A,D,0,,Y,,,Y,,L,04,0,0,1,0,0,0,1,0,0,"- ","- ",,,"SAN DIEGO","SAN DIEGO",,
8822573,2018,2019-04-02,3711,2018-09-01,2014,HB5121,,6,5,7,3711,0,0,0,,0,504,"NORTH HARBOR DR","GRAPE ST",0.00,,Y,A,-,N,,,,,,,,,,N,3,0,1,2,C,-,18,,,N,G,B,F,A,H,-,C,D,0,Y,Y,,,Y,,-,"- ",0,1,0,0,0,0,1,0,0,"- ","- ",,,"SAN DIEGO","SAN DIEGO",-117.17321014404297,32.72412109375
8823761,2019,2019-03-26,3711,2019-01-21,0836,7844,,1,5,7,3711,0,0,0,,0,113,"MORENA BL","AVATI DR",54.00,E,N,A,-,N,,,,,,,,,,Y,4,0,2,3,A,-,12,21453,A,N,D,C,A,A,H,-,A,A,0,,Y,,,Y,,A,01,0,0,2,0,0,0,1,0,0,"- ","- ",,,"SAN DIEGO","SAN DIEGO",-117.21737670898438,32.813686370849609
8827195,2019,2019-03-29,3711,2019-03-16,1400,7588,,6,5,7,3711,0,0,0,,0,451,"54TH ST","KRENNING ST",0.00,,N,A,-,N,,,,,,,,,,N,3,0,1,1,A,-,08,22107,,N,-,-,A,A,H,-,A,D,0,,Y,,,Y,,L,04,0,1,0,0,0,0,1,0,0,"- ","- ",,,"SAN DIEGO","SAN DIEGO",-117.07982635498047,32.735870361328125
8829103,2019,2019-04-16,3711,2019-03-24,1443,7604,"SAN D",7,5,7,3711,0,0,0,,0,934,"HIGH BLUFF DR","CAMINITO EL RINCON",21.00,E,N,A,-,N,,,,,,,,,,N,3,0,1,2,A,-,08,22100,A,N,D,G,A,A,H,-,A,D,0,,Y,,,Y,,L,04,0,1,0,0,0,0,1,0,0,"- ","- ",,,"SAN DIEGO","SAN DIEGO",-117.23823547363281,32.943408966064453
8829448,2019,2019-04-11,3711,2019-03-16,0946,7822,3711,6,5,7,3711,0,0,0,,0,937,"PASEO DEL SUR","REAGAN GLEN",0.00,,Y,A,-,N,,,,,,,,,,N,3,0,1,2,A,-,08,22107,,N,D,G,A,A,H,-,A,D,0,,Y,,,Y,,D,22,0,1,0,0,0,0,1,0,0,"- ","- ",,,"SAN DIEGO","SAN DIEGO",-117.14344787597656,33.017730712890625
8829550,2019,2019-04-05,3711,2019-03-16,1800,7532,,6,5,7,3711,0,0,0,,0,121,"OCEAN FRONT WALK","JERSEY CT",15.00,S,N,A,-,N,,,,,,,,,,N,3,0,2,2,A,-,03,22350,,N,A,-,-,A,H,-,A,D,0,Y,Y,,,Y,,L,04,0,1,1,0,1,0,1,0,0,"- ","- ",,,"SAN DIEGO","SAN DIEGO",-117.25304412841797,32.774620056152344
8829578,2019,2019-04-05,3711,2019-03-20,1134,7729,WESTE,3,5,7,3711,0,0,0,,0,626,"PACIFIC HWY FRONTAGE RD","WEST WASHINGTON ST",500.00,N,N,A,-,N,,,,,,,,,,N,3,0,1,1,A,-,03,22350,,N,F,I,A,A,G,H,A,D,0,,Y,,,Y,,L,04,0,1,0,0,0,0,1,0,0,"- ","- ",,,"SAN DIEGO","SAN DIEGO",-117.18556213378906,32.741378784179688
8843762,2019,2019-04-17,3711,2019-04-08,0823,SD7552,,1,5,7,3711,0,0,0,,0,529,"6TH AV","LAUREL ST",0.00,,Y,A,-,N,,,,,,,,,,N,3,0,1,2,A,-,15,38355,A,N,D,G,A,A,H,-,A,A,0,,Y,,,Y,,L,04,0,1,0,0,0,0,1,0,0,"- ","- ",,,"SAN DIEGO","SAN DIEGO",-117.15943145751953,32.731391906738281
8843774,2019,2019-04-17,3711,2019-04-08,1600,SD7233,,1,5,7,3711,0,0,0,,0,246,"WOODCRAFT WY","HEARTWOOD WY",162.00,W,N,A,-,N,,,,,,,,,,N,3,0,1,2,A,-,09,21804,A,N,D,G,A,A,H,-,A,D,0,,Y,,,Y,,L,04,0,1,0,0,0,0,1,0,0,"- ","- ",,,"SAN DIEGO","SAN DIEGO",-117.09944915771484,32.925430297851562
8843837,2019,2019-04-18,3711,2019-04-06,0836,SD6532,,6,5,7,3711,0,0,0,,0,613,"GREENE ST","BOLINAS ST",0.00,,Y,B,-,N,,,,,,,,,,N,4,0,1,2,A,-,08,22107,,N,B,G,A,A,H,-,A,D,0,,Y,,,Y,,L,04,0,0,1,0,0,0,1,0,0,"- ","- ",,,"SAN DIEGO","SAN DIEGO",-117.23605346679688,32.747219085693359
8844762,2019,2019-05-09,3711,2019-04-07,1203,SD6532,,7,5,7,3711,0,0,0,,0,625,"PACIFIC HWY","TAYLOR ST",450.00,S,N,A,-,N,,,,,,,,,,N,4,0,1,1,A,-,03,22350,,N,F,A,A,A,H,-,A,D,0,,Y,,,Y,,L,04,0,0,1,0,0,0,1,0,0,"- ","- ",,,"SAN DIEGO","SAN DIEGO",-117.20078277587891,32.754348754882812
8845851,2019,2019-04-30,3711,2019-04-05,1316,7569,,5,5,7,3711,0,0,0,,0,822,"ORANGE AV","54TH PL",30.00,E,N,B,-,N,,,,,,,,,,Y,3,0,2,6,A,-,03,22350,,N,C,E,A,A,H,-,A,A,0,,Y,,,Y,,-,,0,1,1,0,0,0,1,0,0,"- ","- ",,,"SAN DIEGO","SAN DIEGO",-117.07819366455078,32.753128051757812
8847452,2019,2019-08-27,3711,2019-04-20,1000,7084,MC2,6,5,7,3711,0,0,0,,0,441,"IMPERIAL AV","RT 805",0.00,,Y,A,-,Y,SD,11,805,-,-,12.117,R,4,N,N,4,0,1,2,A,-,03,22350,,M,D,G,A,A,H,-,A,A,0,,Y,,,Y,,A,08,0,0,1,0,0,0,1,0,0,"- ","- ",,,"SAN DIEGO","SAN DIEGO",-117.09474945068359,32.700965881347656